origin,type_origin,destination,tipo_destination,distance_euclidiane,distance_geo
A1,collection,C1,clasification,1,143.638
A1,collection,C2,clasification,0,10.972
A1,collection,C3,clasification,0,8.327
A1,collection,C4,clasification,0,4.776
A1,collection,C5,clasification,0,0.24
A1,collection,C6,clasification,0,0.0
A1,collection,C7,clasification,0,11.26
A1,collection,C8,clasification,1,176.181
A1,collection,C9,clasification,1,176.181
A1,collection,C10,clasification,1,176.181
A1,collection,C11,clasification,2,420.671
A1,collection,C12,clasification,2,433.382
A1,collection,C13,clasification,2,427.886
A1,collection,C14,clasification,2,428.357
A1,collection,C15,clasification,2,432.514
A1,collection,C16,clasification,2,446.487
A1,collection,C17,clasification,2,430.962
A1,collection,C18,clasification,2,444.515
A1,collection,C19,clasification,2,431.372
A1,collection,C20,clasification,3,449.71
A1,collection,C21,clasification,3,450.717
A2,collection,C1,clasification,0,132.645
A2,collection,C2,clasification,0,0.774
A2,collection,C3,clasification,0,2.073
A2,collection,C4,clasification,0,6.317
A2,collection,C5,clasification,0,9.858
A2,collection,C6,clasification,0,9.828
A2,collection,C7,clasification,0,15.314
A2,collection,C8,clasification,1,183.488
A2,collection,C9,clasification,1,183.488
A2,collection,C10,clasification,1,183.488
A2,collection,C11,clasification,2,427.979
A2,collection,C12,clasification,2,440.689
A2,collection,C13,clasification,2,435.193
A2,collection,C14,clasification,2,435.664
A2,collection,C15,clasification,2,439.821
A2,collection,C16,clasification,3,453.794
A2,collection,C17,clasification,2,438.27
A2,collection,C18,clasification,3,451.822
A2,collection,C19,clasification,2,438.679
A2,collection,C20,clasification,3,457.017
A2,collection,C21,clasification,3,458.024
A3,collection,C1,clasification,0,139.12
A3,collection,C2,clasification,0,7.257
A3,collection,C3,clasification,0,4.612
A3,collection,C4,clasification,0,0.743
A3,collection,C5,clasification,0,4.599
A3,collection,C6,clasification,0,4.569
A3,collection,C7,clasification,0,12.746
A3,collection,C8,clasification,1,178.995
A3,collection,C9,clasification,1,178.995
A3,collection,C10,clasification,1,178.995
A3,collection,C11,clasification,2,423.485
A3,collection,C12,clasification,2,436.196
A3,collection,C13,clasification,2,430.7
A3,collection,C14,clasification,2,431.171
A3,collection,C15,clasification,2,435.328
A3,collection,C16,clasification,2,449.3
A3,collection,C17,clasification,2,433.776
A3,collection,C18,clasification,2,447.329
A3,collection,C19,clasification,2,434.186
A3,collection,C20,clasification,3,452.524
A3,collection,C21,clasification,3,453.531
A4,collection,C1,clasification,0,141.032
A4,collection,C2,clasification,0,7.306
A4,collection,C3,clasification,0,5.721
A4,collection,C4,clasification,0,2.017
A4,collection,C5,clasification,0,3.09
A4,collection,C6,clasification,0,3.06
A4,collection,C7,clasification,0,10.634
A4,collection,C8,clasification,1,177.486
A4,collection,C9,clasification,1,177.486
A4,collection,C10,clasification,1,177.486
A4,collection,C11,clasification,2,421.976
A4,collection,C12,clasification,2,434.687
A4,collection,C13,clasification,2,429.191
A4,collection,C14,clasification,2,429.661
A4,collection,C15,clasification,2,433.818
A4,collection,C16,clasification,2,447.791
A4,collection,C17,clasification,2,432.267
A4,collection,C18,clasification,2,445.819
A4,collection,C19,clasification,2,432.676
A4,collection,C20,clasification,3,451.015
A4,collection,C21,clasification,3,452.022
A5,collection,C1,clasification,1,143.385
A5,collection,C2,clasification,0,10.719
A5,collection,C3,clasification,0,8.074
A5,collection,C4,clasification,0,4.523
A5,collection,C5,clasification,0,0.556
A5,collection,C6,clasification,0,0.314
A5,collection,C7,clasification,0,11.007
A5,collection,C8,clasification,1,175.929
A5,collection,C9,clasification,1,175.929
A5,collection,C10,clasification,1,175.929
A5,collection,C11,clasification,2,420.419
A5,collection,C12,clasification,2,433.13
A5,collection,C13,clasification,2,427.633
A5,collection,C14,clasification,2,428.104
A5,collection,C15,clasification,2,432.261
A5,collection,C16,clasification,2,446.234
A5,collection,C17,clasification,2,430.71
A5,collection,C18,clasification,2,444.262
A5,collection,C19,clasification,2,431.119
A5,collection,C20,clasification,3,449.458
A5,collection,C21,clasification,3,450.464
A6,collection,C1,clasification,0,139.32
A6,collection,C2,clasification,0,7.894
A6,collection,C3,clasification,0,5.25
A6,collection,C4,clasification,0,1.33
A6,collection,C5,clasification,0,3.919
A6,collection,C6,clasification,0,3.889
A6,collection,C7,clasification,0,12.135
A6,collection,C8,clasification,1,178.315
A6,collection,C9,clasification,1,178.315
A6,collection,C10,clasification,1,178.315
A6,collection,C11,clasification,2,422.805
A6,collection,C12,clasification,2,435.516
A6,collection,C13,clasification,2,430.02
A6,collection,C14,clasification,2,430.49
A6,collection,C15,clasification,2,434.647
A6,collection,C16,clasification,2,448.62
A6,collection,C17,clasification,2,433.096
A6,collection,C18,clasification,2,446.648
A6,collection,C19,clasification,2,433.505
A6,collection,C20,clasification,3,451.844
A6,collection,C21,clasification,3,452.851
A7,collection,C1,clasification,1,143.461
A7,collection,C2,clasification,0,10.795
A7,collection,C3,clasification,0,8.15
A7,collection,C4,clasification,0,4.599
A7,collection,C5,clasification,0,0.632
A7,collection,C6,clasification,0,0.39
A7,collection,C7,clasification,0,11.083
A7,collection,C8,clasification,1,176.004
A7,collection,C9,clasification,1,176.004
A7,collection,C10,clasification,1,176.004
A7,collection,C11,clasification,2,420.495
A7,collection,C12,clasification,2,433.206
A7,collection,C13,clasification,2,427.709
A7,collection,C14,clasification,2,428.18
A7,collection,C15,clasification,2,432.337
A7,collection,C16,clasification,2,446.31
A7,collection,C17,clasification,2,430.786
A7,collection,C18,clasification,2,444.338
A7,collection,C19,clasification,2,431.195
A7,collection,C20,clasification,3,449.534
A7,collection,C21,clasification,3,450.54
A8,collection,C1,clasification,0,135.72
A8,collection,C2,clasification,0,4.135
A8,collection,C3,clasification,0,1.415
A8,collection,C4,clasification,0,3.907
A8,collection,C5,clasification,0,7.448
A8,collection,C6,clasification,0,7.418
A8,collection,C7,clasification,0,12.904
A8,collection,C8,clasification,1,181.078
A8,collection,C9,clasification,1,181.078
A8,collection,C10,clasification,1,181.078
A8,collection,C11,clasification,2,425.568
A8,collection,C12,clasification,2,438.279
A8,collection,C13,clasification,2,432.783
A8,collection,C14,clasification,2,433.254
A8,collection,C15,clasification,2,437.411
A8,collection,C16,clasification,3,451.383
A8,collection,C17,clasification,2,435.859
A8,collection,C18,clasification,3,449.412
A8,collection,C19,clasification,2,436.269
A8,collection,C20,clasification,3,454.607
A8,collection,C21,clasification,3,455.614
A9,collection,C1,clasification,1,143.411
A9,collection,C2,clasification,0,10.745
A9,collection,C3,clasification,0,8.1
A9,collection,C4,clasification,0,4.549
A9,collection,C5,clasification,0,1.739
A9,collection,C6,clasification,0,1.82
A9,collection,C7,clasification,0,11.245
A9,collection,C8,clasification,1,176.167
A9,collection,C9,clasification,1,176.167
A9,collection,C10,clasification,1,176.167
A9,collection,C11,clasification,2,420.657
A9,collection,C12,clasification,2,433.368
A9,collection,C13,clasification,2,427.872
A9,collection,C14,clasification,2,428.342
A9,collection,C15,clasification,2,432.499
A9,collection,C16,clasification,2,446.472
A9,collection,C17,clasification,2,430.948
A9,collection,C18,clasification,2,444.5
A9,collection,C19,clasification,2,431.357
A9,collection,C20,clasification,3,449.696
A9,collection,C21,clasification,3,450.703
A10,collection,C1,clasification,0,138.026
A10,collection,C2,clasification,0,5.36
A10,collection,C3,clasification,0,2.715
A10,collection,C4,clasification,0,1.622
A10,collection,C5,clasification,0,5.191
A10,collection,C6,clasification,0,5.161
A10,collection,C7,clasification,0,11.37
A10,collection,C8,clasification,1,179.544
A10,collection,C9,clasification,1,179.544
A10,collection,C10,clasification,1,179.544
A10,collection,C11,clasification,2,424.034
A10,collection,C12,clasification,2,436.745
A10,collection,C13,clasification,2,431.249
A10,collection,C14,clasification,2,431.719
A10,collection,C15,clasification,2,435.877
A10,collection,C16,clasification,2,449.849
A10,collection,C17,clasification,2,434.325
A10,collection,C18,clasification,2,447.878
A10,collection,C19,clasification,2,434.734
A10,collection,C20,clasification,3,453.073
A10,collection,C21,clasification,3,454.08
A11,collection,C1,clasification,0,132.688
A11,collection,C2,clasification,0,1.658
A11,collection,C3,clasification,0,2.894
A11,collection,C4,clasification,0,7.138
A11,collection,C5,clasification,0,10.679
A11,collection,C6,clasification,0,10.649
A11,collection,C7,clasification,0,16.135
A11,collection,C8,clasification,1,184.309
A11,collection,C9,clasification,1,184.309
A11,collection,C10,clasification,1,184.309
A11,collection,C11,clasification,2,428.799
A11,collection,C12,clasification,2,441.51
A11,collection,C13,clasification,2,436.014
A11,collection,C14,clasification,2,436.484
A11,collection,C15,clasification,2,440.641
A11,collection,C16,clasification,3,454.614
A11,collection,C17,clasification,2,439.09
A11,collection,C18,clasification,3,452.642
A11,collection,C19,clasification,2,439.499
A11,collection,C20,clasification,3,457.838
A11,collection,C21,clasification,3,458.845
A12,collection,C1,clasification,0,139.838
A12,collection,C2,clasification,0,7.172
A12,collection,C3,clasification,0,4.527
A12,collection,C4,clasification,0,1.483
A12,collection,C5,clasification,0,3.418
A12,collection,C6,clasification,0,3.388
A12,collection,C7,clasification,0,11.413
A12,collection,C8,clasification,1,177.814
A12,collection,C9,clasification,1,177.814
A12,collection,C10,clasification,1,177.814
A12,collection,C11,clasification,2,422.304
A12,collection,C12,clasification,2,435.015
A12,collection,C13,clasification,2,429.519
A12,collection,C14,clasification,2,429.99
A12,collection,C15,clasification,2,434.147
A12,collection,C16,clasification,2,448.12
A12,collection,C17,clasification,2,432.595
A12,collection,C18,clasification,2,446.148
A12,collection,C19,clasification,2,433.005
A12,collection,C20,clasification,3,451.343
A12,collection,C21,clasification,3,452.35
A13,collection,C1,clasification,0,135.351
A13,collection,C2,clasification,0,3.766
A13,collection,C3,clasification,0,1.515
A13,collection,C4,clasification,0,4.323
A13,collection,C5,clasification,0,7.864
A13,collection,C6,clasification,0,7.834
A13,collection,C7,clasification,0,13.32
A13,collection,C8,clasification,1,181.494
A13,collection,C9,clasification,1,181.494
A13,collection,C10,clasification,1,181.494
A13,collection,C11,clasification,2,425.984
A13,collection,C12,clasification,2,438.695
A13,collection,C13,clasification,2,433.199
A13,collection,C14,clasification,2,433.669
A13,collection,C15,clasification,2,437.826
A13,collection,C16,clasification,3,451.799
A13,collection,C17,clasification,2,436.275
A13,collection,C18,clasification,3,449.827
A13,collection,C19,clasification,2,436.684
A13,collection,C20,clasification,3,455.023
A13,collection,C21,clasification,3,456.03
A14,collection,C1,clasification,0,131.494
A14,collection,C2,clasification,0,2.803
A14,collection,C3,clasification,0,4.039
A14,collection,C4,clasification,0,8.127
A14,collection,C5,clasification,0,11.668
A14,collection,C6,clasification,0,11.638
A14,collection,C7,clasification,0,17.124
A14,collection,C8,clasification,1,185.298
A14,collection,C9,clasification,1,185.298
A14,collection,C10,clasification,1,185.298
A14,collection,C11,clasification,2,429.788
A14,collection,C12,clasification,2,442.499
A14,collection,C13,clasification,2,437.003
A14,collection,C14,clasification,2,437.473
A14,collection,C15,clasification,2,441.631
A14,collection,C16,clasification,3,455.603
A14,collection,C17,clasification,2,440.079
A14,collection,C18,clasification,3,453.631
A14,collection,C19,clasification,2,440.488
A14,collection,C20,clasification,3,458.827
A14,collection,C21,clasification,3,459.834
A15,collection,C1,clasification,1,143.463
A15,collection,C2,clasification,0,10.797
A15,collection,C3,clasification,0,8.152
A15,collection,C4,clasification,0,4.601
A15,collection,C5,clasification,0,1.836
A15,collection,C6,clasification,0,1.677
A15,collection,C7,clasification,0,11.588
A15,collection,C8,clasification,1,177.148
A15,collection,C9,clasification,1,177.148
A15,collection,C10,clasification,1,177.148
A15,collection,C11,clasification,2,421.638
A15,collection,C12,clasification,2,434.349
A15,collection,C13,clasification,2,428.853
A15,collection,C14,clasification,2,429.324
A15,collection,C15,clasification,2,433.481
A15,collection,C16,clasification,2,447.453
A15,collection,C17,clasification,2,431.929
A15,collection,C18,clasification,2,445.482
A15,collection,C19,clasification,2,432.339
A15,collection,C20,clasification,3,450.677
A15,collection,C21,clasification,3,451.684
A16,collection,C1,clasification,0,138.529
A16,collection,C2,clasification,0,5.863
A16,collection,C3,clasification,0,3.219
A16,collection,C4,clasification,0,1.16
A16,collection,C5,clasification,0,4.714
A16,collection,C6,clasification,0,4.684
A16,collection,C7,clasification,0,11.95
A16,collection,C8,clasification,1,180.125
A16,collection,C9,clasification,1,180.125
A16,collection,C10,clasification,1,180.125
A16,collection,C11,clasification,2,424.615
A16,collection,C12,clasification,2,437.326
A16,collection,C13,clasification,2,431.829
A16,collection,C14,clasification,2,432.3
A16,collection,C15,clasification,2,436.457
A16,collection,C16,clasification,2,450.43
A16,collection,C17,clasification,2,434.906
A16,collection,C18,clasification,2,448.458
A16,collection,C19,clasification,2,435.315
A16,collection,C20,clasification,3,453.654
A16,collection,C21,clasification,3,454.66
A17,collection,C1,clasification,0,140.873
A17,collection,C2,clasification,0,8.207
A17,collection,C3,clasification,0,5.562
A17,collection,C4,clasification,0,2.502
A17,collection,C5,clasification,0,2.699
A17,collection,C6,clasification,0,2.669
A17,collection,C7,clasification,0,9.973
A17,collection,C8,clasification,1,177.095
A17,collection,C9,clasification,1,177.095
A17,collection,C10,clasification,1,177.095
A17,collection,C11,clasification,2,421.585
A17,collection,C12,clasification,2,434.296
A17,collection,C13,clasification,2,428.8
A17,collection,C14,clasification,2,429.27
A17,collection,C15,clasification,2,433.428
A17,collection,C16,clasification,2,447.4
A17,collection,C17,clasification,2,431.876
A17,collection,C18,clasification,2,445.429
A17,collection,C19,clasification,2,432.286
A17,collection,C20,clasification,3,450.624
A17,collection,C21,clasification,3,451.631
A18,collection,C1,clasification,0,141.722
A18,collection,C2,clasification,0,9.056
A18,collection,C3,clasification,0,6.411
A18,collection,C4,clasification,0,2.529
A18,collection,C5,clasification,0,2.347
A18,collection,C6,clasification,0,2.318
A18,collection,C7,clasification,0,9.911
A18,collection,C8,clasification,1,176.743
A18,collection,C9,clasification,1,176.743
A18,collection,C10,clasification,1,176.743
A18,collection,C11,clasification,2,421.234
A18,collection,C12,clasification,2,433.944
A18,collection,C13,clasification,2,428.448
A18,collection,C14,clasification,2,428.919
A18,collection,C15,clasification,2,433.076
A18,collection,C16,clasification,2,447.049
A18,collection,C17,clasification,2,431.524
A18,collection,C18,clasification,2,445.077
A18,collection,C19,clasification,2,431.934
A18,collection,C20,clasification,3,450.272
A18,collection,C21,clasification,3,451.279
A19,collection,C1,clasification,0,138.311
A19,collection,C2,clasification,0,5.645
A19,collection,C3,clasification,0,3.001
A19,collection,C4,clasification,0,1.218
A19,collection,C5,clasification,0,5.046
A19,collection,C6,clasification,0,5.016
A19,collection,C7,clasification,0,11.732
A19,collection,C8,clasification,1,179.907
A19,collection,C9,clasification,1,179.907
A19,collection,C10,clasification,1,179.907
A19,collection,C11,clasification,2,424.397
A19,collection,C12,clasification,2,437.108
A19,collection,C13,clasification,2,431.612
A19,collection,C14,clasification,2,432.082
A19,collection,C15,clasification,2,436.239
A19,collection,C16,clasification,2,450.212
A19,collection,C17,clasification,2,434.688
A19,collection,C18,clasification,2,448.24
A19,collection,C19,clasification,2,435.097
A19,collection,C20,clasification,3,453.436
A19,collection,C21,clasification,3,454.443
A20,collection,C1,clasification,0,140.858
A20,collection,C2,clasification,0,8.192
A20,collection,C3,clasification,0,5.547
A20,collection,C4,clasification,0,2.588
A20,collection,C5,clasification,0,2.653
A20,collection,C6,clasification,0,2.623
A20,collection,C7,clasification,0,9.958
A20,collection,C8,clasification,1,177.049
A20,collection,C9,clasification,1,177.049
A20,collection,C10,clasification,1,177.049
A20,collection,C11,clasification,2,421.539
A20,collection,C12,clasification,2,434.25
A20,collection,C13,clasification,2,428.754
A20,collection,C14,clasification,2,429.224
A20,collection,C15,clasification,2,433.381
A20,collection,C16,clasification,2,447.354
A20,collection,C17,clasification,2,431.83
A20,collection,C18,clasification,2,445.382
A20,collection,C19,clasification,2,432.239
A20,collection,C20,clasification,3,450.578
A20,collection,C21,clasification,3,451.585
A21,collection,C1,clasification,1,145.79
A21,collection,C2,clasification,0,16.052
A21,collection,C3,clasification,0,13.408
A21,collection,C4,clasification,0,9.646
A21,collection,C5,clasification,0,6.881
A21,collection,C6,clasification,0,6.722
A21,collection,C7,clasification,0,11.916
A21,collection,C8,clasification,1,173.329
A21,collection,C9,clasification,1,173.329
A21,collection,C10,clasification,1,173.329
A21,collection,C11,clasification,2,417.819
A21,collection,C12,clasification,2,430.53
A21,collection,C13,clasification,2,425.034
A21,collection,C14,clasification,2,425.504
A21,collection,C15,clasification,2,429.662
A21,collection,C16,clasification,2,443.634
A21,collection,C17,clasification,2,428.11
A21,collection,C18,clasification,2,441.663
A21,collection,C19,clasification,2,428.519
A21,collection,C20,clasification,2,446.858
A21,collection,C21,clasification,2,447.865
A22,collection,C1,clasification,1,145.83
A22,collection,C2,clasification,0,16.092
A22,collection,C3,clasification,0,13.448
A22,collection,C4,clasification,0,9.686
A22,collection,C5,clasification,0,6.921
A22,collection,C6,clasification,0,6.762
A22,collection,C7,clasification,0,11.956
A22,collection,C8,clasification,1,173.369
A22,collection,C9,clasification,1,173.369
A22,collection,C10,clasification,1,173.369
A22,collection,C11,clasification,2,417.859
A22,collection,C12,clasification,2,430.57
A22,collection,C13,clasification,2,425.074
A22,collection,C14,clasification,2,425.544
A22,collection,C15,clasification,2,429.701
A22,collection,C16,clasification,2,443.674
A22,collection,C17,clasification,2,428.15
A22,collection,C18,clasification,2,441.702
A22,collection,C19,clasification,2,428.559
A22,collection,C20,clasification,2,446.898
A22,collection,C21,clasification,2,447.905
A23,collection,C1,clasification,1,147.441
A23,collection,C2,clasification,0,17.704
A23,collection,C3,clasification,0,15.059
A23,collection,C4,clasification,0,11.297
A23,collection,C5,clasification,0,8.532
A23,collection,C6,clasification,0,8.373
A23,collection,C7,clasification,0,12.521
A23,collection,C8,clasification,1,171.982
A23,collection,C9,clasification,1,171.982
A23,collection,C10,clasification,1,171.982
A23,collection,C11,clasification,2,416.472
A23,collection,C12,clasification,2,429.183
A23,collection,C13,clasification,2,423.687
A23,collection,C14,clasification,2,424.157
A23,collection,C15,clasification,2,428.315
A23,collection,C16,clasification,2,442.287
A23,collection,C17,clasification,2,426.763
A23,collection,C18,clasification,2,440.316
A23,collection,C19,clasification,2,427.172
A23,collection,C20,clasification,2,445.511
A23,collection,C21,clasification,2,446.518
A24,collection,C1,clasification,1,152.806
A24,collection,C2,clasification,0,16.632
A24,collection,C3,clasification,0,13.988
A24,collection,C4,clasification,0,11.859
A24,collection,C5,clasification,0,10.333
A24,collection,C6,clasification,0,10.303
A24,collection,C7,clasification,0,0.361
A24,collection,C8,clasification,1,175.281
A24,collection,C9,clasification,1,175.281
A24,collection,C10,clasification,1,175.281
A24,collection,C11,clasification,2,419.771
A24,collection,C12,clasification,2,432.482
A24,collection,C13,clasification,2,426.985
A24,collection,C14,clasification,2,427.456
A24,collection,C15,clasification,2,431.613
A24,collection,C16,clasification,2,445.586
A24,collection,C17,clasification,2,430.062
A24,collection,C18,clasification,2,443.614
A24,collection,C19,clasification,2,430.471
A24,collection,C20,clasification,2,448.81
A24,collection,C21,clasification,3,449.816
A25,collection,C1,clasification,1,152.426
A25,collection,C2,clasification,0,17.165
A25,collection,C3,clasification,0,14.52
A25,collection,C4,clasification,0,12.392
A25,collection,C5,clasification,0,10.865
A25,collection,C6,clasification,0,10.836
A25,collection,C7,clasification,0,0.919
A25,collection,C8,clasification,1,175.813
A25,collection,C9,clasification,1,175.813
A25,collection,C10,clasification,1,175.813
A25,collection,C11,clasification,2,420.303
A25,collection,C12,clasification,2,433.014
A25,collection,C13,clasification,2,427.518
A25,collection,C14,clasification,2,427.989
A25,collection,C15,clasification,2,432.146
A25,collection,C16,clasification,2,446.118
A25,collection,C17,clasification,2,430.594
A25,collection,C18,clasification,2,444.147
A25,collection,C19,clasification,2,431.004
A25,collection,C20,clasification,2,449.342
A25,collection,C21,clasification,3,450.349
A26,collection,C1,clasification,1,171.237
A26,collection,C2,clasification,0,52.66
A26,collection,C3,clasification,0,50.016
A26,collection,C4,clasification,0,47.887
A26,collection,C5,clasification,0,44.591
A26,collection,C6,clasification,0,44.432
A26,collection,C7,clasification,0,44.645
A26,collection,C8,clasification,1,145.811
A26,collection,C9,clasification,1,145.811
A26,collection,C10,clasification,1,145.811
A26,collection,C11,clasification,2,390.302
A26,collection,C12,clasification,2,403.012
A26,collection,C13,clasification,2,397.516
A26,collection,C14,clasification,2,397.987
A26,collection,C15,clasification,2,402.144
A26,collection,C16,clasification,2,416.117
A26,collection,C17,clasification,2,400.592
A26,collection,C18,clasification,2,414.145
A26,collection,C19,clasification,2,401.002
A26,collection,C20,clasification,2,419.34
A26,collection,C21,clasification,2,420.347
A27,collection,C1,clasification,1,167.175
A27,collection,C2,clasification,0,52.325
A27,collection,C3,clasification,0,49.681
A27,collection,C4,clasification,0,47.552
A27,collection,C5,clasification,0,44.256
A27,collection,C6,clasification,0,44.097
A27,collection,C7,clasification,0,45.293
A27,collection,C8,clasification,1,168.955
A27,collection,C9,clasification,1,168.955
A27,collection,C10,clasification,1,168.955
A27,collection,C11,clasification,2,413.445
A27,collection,C12,clasification,2,426.156
A27,collection,C13,clasification,2,420.66
A27,collection,C14,clasification,2,421.13
A27,collection,C15,clasification,2,425.288
A27,collection,C16,clasification,2,439.26
A27,collection,C17,clasification,2,423.736
A27,collection,C18,clasification,2,437.289
A27,collection,C19,clasification,2,424.146
A27,collection,C20,clasification,2,442.484
A27,collection,C21,clasification,2,443.491
A28,collection,C1,clasification,1,225.343
A28,collection,C2,clasification,0,101.074
A28,collection,C3,clasification,0,98.429
A28,collection,C4,clasification,0,96.301
A28,collection,C5,clasification,0,93.004
A28,collection,C6,clasification,0,92.845
A28,collection,C7,clasification,0,93.058
A28,collection,C8,clasification,0,83.8
A28,collection,C9,clasification,0,83.8
A28,collection,C10,clasification,0,83.8
A28,collection,C11,clasification,2,328.29
A28,collection,C12,clasification,2,341.001
A28,collection,C13,clasification,2,335.505
A28,collection,C14,clasification,2,335.975
A28,collection,C15,clasification,2,340.132
A28,collection,C16,clasification,2,354.105
A28,collection,C17,clasification,2,338.581
A28,collection,C18,clasification,2,352.133
A28,collection,C19,clasification,2,338.99
A28,collection,C20,clasification,2,357.329
A28,collection,C21,clasification,2,358.336
A29,collection,C1,clasification,2,309.276
A29,collection,C2,clasification,1,185.007
A29,collection,C3,clasification,1,182.363
A29,collection,C4,clasification,1,180.234
A29,collection,C5,clasification,1,176.938
A29,collection,C6,clasification,1,176.779
A29,collection,C7,clasification,1,176.992
A29,collection,C8,clasification,0,6.831
A29,collection,C9,clasification,0,6.831
A29,collection,C10,clasification,0,6.831
A29,collection,C11,clasification,1,273.375
A29,collection,C12,clasification,1,286.086
A29,collection,C13,clasification,1,280.59
A29,collection,C14,clasification,1,281.061
A29,collection,C15,clasification,1,285.218
A29,collection,C16,clasification,1,299.19
A29,collection,C17,clasification,1,283.666
A29,collection,C18,clasification,1,297.219
A29,collection,C19,clasification,1,284.076
A29,collection,C20,clasification,1,302.414
A29,collection,C21,clasification,1,303.421
A30,collection,C1,clasification,2,312.719
A30,collection,C2,clasification,1,188.45
A30,collection,C3,clasification,1,185.805
A30,collection,C4,clasification,1,183.677
A30,collection,C5,clasification,1,180.381
A30,collection,C6,clasification,1,180.222
A30,collection,C7,clasification,1,180.434
A30,collection,C8,clasification,0,9.375
A30,collection,C9,clasification,0,9.375
A30,collection,C10,clasification,0,9.375
A30,collection,C11,clasification,1,269.795
A30,collection,C12,clasification,1,282.506
A30,collection,C13,clasification,1,277.01
A30,collection,C14,clasification,1,277.48
A30,collection,C15,clasification,1,281.638
A30,collection,C16,clasification,1,295.61
A30,collection,C17,clasification,1,280.086
A30,collection,C18,clasification,1,293.639
A30,collection,C19,clasification,1,280.496
A30,collection,C20,clasification,1,298.834
A30,collection,C21,clasification,1,299.841
A31,collection,C1,clasification,2,312.173
A31,collection,C2,clasification,1,187.904
A31,collection,C3,clasification,1,185.259
A31,collection,C4,clasification,1,183.131
A31,collection,C5,clasification,1,179.835
A31,collection,C6,clasification,1,179.676
A31,collection,C7,clasification,1,179.888
A31,collection,C8,clasification,0,7.108
A31,collection,C9,clasification,0,7.108
A31,collection,C10,clasification,0,7.108
A31,collection,C11,clasification,1,267.522
A31,collection,C12,clasification,1,280.232
A31,collection,C13,clasification,1,274.736
A31,collection,C14,clasification,1,275.207
A31,collection,C15,clasification,1,279.364
A31,collection,C16,clasification,1,293.337
A31,collection,C17,clasification,1,277.813
A31,collection,C18,clasification,1,291.365
A31,collection,C19,clasification,1,278.222
A31,collection,C20,clasification,1,296.56
A31,collection,C21,clasification,1,297.567
A32,collection,C1,clasification,2,312.173
A32,collection,C2,clasification,1,187.904
A32,collection,C3,clasification,1,185.259
A32,collection,C4,clasification,1,183.131
A32,collection,C5,clasification,1,179.835
A32,collection,C6,clasification,1,179.676
A32,collection,C7,clasification,1,179.888
A32,collection,C8,clasification,0,7.108
A32,collection,C9,clasification,0,7.108
A32,collection,C10,clasification,0,7.108
A32,collection,C11,clasification,1,267.522
A32,collection,C12,clasification,1,280.232
A32,collection,C13,clasification,1,274.736
A32,collection,C14,clasification,1,275.207
A32,collection,C15,clasification,1,279.364
A32,collection,C16,clasification,1,293.337
A32,collection,C17,clasification,1,277.813
A32,collection,C18,clasification,1,291.365
A32,collection,C19,clasification,1,278.222
A32,collection,C20,clasification,1,296.56
A32,collection,C21,clasification,1,297.567
A33,collection,C1,clasification,2,319.501
A33,collection,C2,clasification,1,195.231
A33,collection,C3,clasification,1,192.587
A33,collection,C4,clasification,1,190.458
A33,collection,C5,clasification,1,187.162
A33,collection,C6,clasification,1,187.003
A33,collection,C7,clasification,1,187.216
A33,collection,C8,clasification,0,11.743
A33,collection,C9,clasification,0,11.743
A33,collection,C10,clasification,0,11.743
A33,collection,C11,clasification,1,268.359
A33,collection,C12,clasification,1,281.07
A33,collection,C13,clasification,1,275.574
A33,collection,C14,clasification,1,276.044
A33,collection,C15,clasification,1,280.202
A33,collection,C16,clasification,1,294.174
A33,collection,C17,clasification,1,278.65
A33,collection,C18,clasification,1,292.203
A33,collection,C19,clasification,1,279.06
A33,collection,C20,clasification,1,297.398
A33,collection,C21,clasification,1,298.405
A34,collection,C1,clasification,2,319.501
A34,collection,C2,clasification,1,195.231
A34,collection,C3,clasification,1,192.587
A34,collection,C4,clasification,1,190.458
A34,collection,C5,clasification,1,187.162
A34,collection,C6,clasification,1,187.003
A34,collection,C7,clasification,1,187.216
A34,collection,C8,clasification,0,11.743
A34,collection,C9,clasification,0,11.743
A34,collection,C10,clasification,0,11.743
A34,collection,C11,clasification,1,268.359
A34,collection,C12,clasification,1,281.07
A34,collection,C13,clasification,1,275.574
A34,collection,C14,clasification,1,276.044
A34,collection,C15,clasification,1,280.202
A34,collection,C16,clasification,1,294.174
A34,collection,C17,clasification,1,278.65
A34,collection,C18,clasification,1,292.203
A34,collection,C19,clasification,1,279.06
A34,collection,C20,clasification,1,297.398
A34,collection,C21,clasification,1,298.405
A35,collection,C1,clasification,3,550.985
A35,collection,C2,clasification,2,426.716
A35,collection,C3,clasification,2,424.071
A35,collection,C4,clasification,2,421.943
A35,collection,C5,clasification,2,418.646
A35,collection,C6,clasification,2,418.487
A35,collection,C7,clasification,2,418.7
A35,collection,C8,clasification,1,272.441
A35,collection,C9,clasification,1,272.441
A35,collection,C10,clasification,1,272.441
A35,collection,C11,clasification,0,1.089
A35,collection,C12,clasification,0,15.552
A35,collection,C13,clasification,0,10.056
A35,collection,C14,clasification,0,10.526
A35,collection,C15,clasification,0,14.683
A35,collection,C16,clasification,0,28.656
A35,collection,C17,clasification,0,13.132
A35,collection,C18,clasification,0,26.684
A35,collection,C19,clasification,0,13.541
A35,collection,C20,clasification,0,31.88
A35,collection,C21,clasification,0,32.887
A36,collection,C1,clasification,3,550.668
A36,collection,C2,clasification,2,426.398
A36,collection,C3,clasification,2,423.754
A36,collection,C4,clasification,2,421.625
A36,collection,C5,clasification,2,418.329
A36,collection,C6,clasification,2,418.17
A36,collection,C7,clasification,2,418.383
A36,collection,C8,clasification,1,272.124
A36,collection,C9,clasification,1,272.124
A36,collection,C10,clasification,1,272.124
A36,collection,C11,clasification,0,1.149
A36,collection,C12,clasification,0,15.194
A36,collection,C13,clasification,0,9.698
A36,collection,C14,clasification,0,10.168
A36,collection,C15,clasification,0,14.326
A36,collection,C16,clasification,0,28.298
A36,collection,C17,clasification,0,12.774
A36,collection,C18,clasification,0,26.327
A36,collection,C19,clasification,0,13.183
A36,collection,C20,clasification,0,31.522
A36,collection,C21,clasification,0,32.529
A37,collection,C1,clasification,3,550.345
A37,collection,C2,clasification,2,426.076
A37,collection,C3,clasification,2,423.432
A37,collection,C4,clasification,2,421.303
A37,collection,C5,clasification,2,418.007
A37,collection,C6,clasification,2,417.848
A37,collection,C7,clasification,2,418.06
A37,collection,C8,clasification,1,271.801
A37,collection,C9,clasification,1,271.801
A37,collection,C10,clasification,1,271.801
A37,collection,C11,clasification,0,1.215
A37,collection,C12,clasification,0,15.215
A37,collection,C13,clasification,0,9.719
A37,collection,C14,clasification,0,10.189
A37,collection,C15,clasification,0,14.346
A37,collection,C16,clasification,0,28.319
A37,collection,C17,clasification,0,12.795
A37,collection,C18,clasification,0,26.347
A37,collection,C19,clasification,0,13.204
A37,collection,C20,clasification,0,31.543
A37,collection,C21,clasification,0,32.549
A38,collection,C1,clasification,3,550.371
A38,collection,C2,clasification,2,426.101
A38,collection,C3,clasification,2,423.457
A38,collection,C4,clasification,2,421.328
A38,collection,C5,clasification,2,418.032
A38,collection,C6,clasification,2,417.873
A38,collection,C7,clasification,2,418.086
A38,collection,C8,clasification,1,271.827
A38,collection,C9,clasification,1,271.827
A38,collection,C10,clasification,1,271.827
A38,collection,C11,clasification,0,1.24
A38,collection,C12,clasification,0,15.24
A38,collection,C13,clasification,0,9.744
A38,collection,C14,clasification,0,10.214
A38,collection,C15,clasification,0,14.371
A38,collection,C16,clasification,0,28.344
A38,collection,C17,clasification,0,12.82
A38,collection,C18,clasification,0,26.372
A38,collection,C19,clasification,0,13.229
A38,collection,C20,clasification,0,31.568
A38,collection,C21,clasification,0,32.575
A39,collection,C1,clasification,3,549.45
A39,collection,C2,clasification,2,425.181
A39,collection,C3,clasification,2,422.536
A39,collection,C4,clasification,2,420.408
A39,collection,C5,clasification,2,417.112
A39,collection,C6,clasification,2,416.953
A39,collection,C7,clasification,2,417.165
A39,collection,C8,clasification,1,270.906
A39,collection,C9,clasification,1,270.906
A39,collection,C10,clasification,1,270.906
A39,collection,C11,clasification,0,1.592
A39,collection,C12,clasification,0,15.908
A39,collection,C13,clasification,0,10.412
A39,collection,C14,clasification,0,10.883
A39,collection,C15,clasification,0,15.04
A39,collection,C16,clasification,0,29.013
A39,collection,C17,clasification,0,13.488
A39,collection,C18,clasification,0,27.041
A39,collection,C19,clasification,0,13.898
A39,collection,C20,clasification,0,32.236
A39,collection,C21,clasification,0,33.243
A40,collection,C1,clasification,3,562.059
A40,collection,C2,clasification,2,437.79
A40,collection,C3,clasification,2,435.146
A40,collection,C4,clasification,2,433.017
A40,collection,C5,clasification,2,429.721
A40,collection,C6,clasification,2,429.562
A40,collection,C7,clasification,2,429.775
A40,collection,C8,clasification,1,283.516
A40,collection,C9,clasification,1,283.516
A40,collection,C10,clasification,1,283.516
A40,collection,C11,clasification,0,13.525
A40,collection,C12,clasification,0,1.283
A40,collection,C13,clasification,0,4.264
A40,collection,C14,clasification,0,4.303
A40,collection,C15,clasification,0,0.0
A40,collection,C16,clasification,0,20.486
A40,collection,C17,clasification,0,1.384
A40,collection,C18,clasification,0,18.514
A40,collection,C19,clasification,0,3.838
A40,collection,C20,clasification,0,23.71
A40,collection,C21,clasification,0,24.717
A41,collection,C1,clasification,3,562.059
A41,collection,C2,clasification,2,437.79
A41,collection,C3,clasification,2,435.146
A41,collection,C4,clasification,2,433.017
A41,collection,C5,clasification,2,429.721
A41,collection,C6,clasification,2,429.562
A41,collection,C7,clasification,2,429.775
A41,collection,C8,clasification,1,283.516
A41,collection,C9,clasification,1,283.516
A41,collection,C10,clasification,1,283.516
A41,collection,C11,clasification,0,13.525
A41,collection,C12,clasification,0,1.283
A41,collection,C13,clasification,0,4.264
A41,collection,C14,clasification,0,4.303
A41,collection,C15,clasification,0,0.0
A41,collection,C16,clasification,0,20.486
A41,collection,C17,clasification,0,1.384
A41,collection,C18,clasification,0,18.514
A41,collection,C19,clasification,0,3.838
A41,collection,C20,clasification,0,23.71
A41,collection,C21,clasification,0,24.717
A42,collection,C1,clasification,3,562.059
A42,collection,C2,clasification,2,437.79
A42,collection,C3,clasification,2,435.146
A42,collection,C4,clasification,2,433.017
A42,collection,C5,clasification,2,429.721
A42,collection,C6,clasification,2,429.562
A42,collection,C7,clasification,2,429.775
A42,collection,C8,clasification,1,283.516
A42,collection,C9,clasification,1,283.516
A42,collection,C10,clasification,1,283.516
A42,collection,C11,clasification,0,13.525
A42,collection,C12,clasification,0,1.283
A42,collection,C13,clasification,0,4.264
A42,collection,C14,clasification,0,4.303
A42,collection,C15,clasification,0,0.0
A42,collection,C16,clasification,0,20.486
A42,collection,C17,clasification,0,1.384
A42,collection,C18,clasification,0,18.514
A42,collection,C19,clasification,0,3.838
A42,collection,C20,clasification,0,23.71
A42,collection,C21,clasification,0,24.717
A43,collection,C1,clasification,3,562.059
A43,collection,C2,clasification,2,437.79
A43,collection,C3,clasification,2,435.146
A43,collection,C4,clasification,2,433.017
A43,collection,C5,clasification,2,429.721
A43,collection,C6,clasification,2,429.562
A43,collection,C7,clasification,2,429.775
A43,collection,C8,clasification,1,283.516
A43,collection,C9,clasification,1,283.516
A43,collection,C10,clasification,1,283.516
A43,collection,C11,clasification,0,13.525
A43,collection,C12,clasification,0,1.283
A43,collection,C13,clasification,0,4.264
A43,collection,C14,clasification,0,4.303
A43,collection,C15,clasification,0,0.0
A43,collection,C16,clasification,0,20.486
A43,collection,C17,clasification,0,1.384
A43,collection,C18,clasification,0,18.514
A43,collection,C19,clasification,0,3.838
A43,collection,C20,clasification,0,23.71
A43,collection,C21,clasification,0,24.717
A44,collection,C1,clasification,3,559.554
A44,collection,C2,clasification,2,435.285
A44,collection,C3,clasification,2,432.641
A44,collection,C4,clasification,2,430.512
A44,collection,C5,clasification,2,427.216
A44,collection,C6,clasification,2,427.057
A44,collection,C7,clasification,2,427.27
A44,collection,C8,clasification,1,281.011
A44,collection,C9,clasification,1,281.011
A44,collection,C10,clasification,1,281.011
A44,collection,C11,clasification,0,11.02
A44,collection,C12,clasification,0,6.497
A44,collection,C13,clasification,0,1.759
A44,collection,C14,clasification,0,1.031
A44,collection,C15,clasification,0,5.629
A44,collection,C16,clasification,0,19.601
A44,collection,C17,clasification,0,4.077
A44,collection,C18,clasification,0,17.63
A44,collection,C19,clasification,0,4.486
A44,collection,C20,clasification,0,22.825
A44,collection,C21,clasification,0,23.832
A45,collection,C1,clasification,3,554.31
A45,collection,C2,clasification,2,430.04
A45,collection,C3,clasification,2,427.396
A45,collection,C4,clasification,2,425.267
A45,collection,C5,clasification,2,421.971
A45,collection,C6,clasification,2,421.812
A45,collection,C7,clasification,2,422.025
A45,collection,C8,clasification,1,275.766
A45,collection,C9,clasification,1,275.766
A45,collection,C10,clasification,1,275.766
A45,collection,C11,clasification,0,5.776
A45,collection,C12,clasification,0,10.671
A45,collection,C13,clasification,0,5.174
A45,collection,C14,clasification,0,5.645
A45,collection,C15,clasification,0,9.802
A45,collection,C16,clasification,0,23.775
A45,collection,C17,clasification,0,8.251
A45,collection,C18,clasification,0,21.803
A45,collection,C19,clasification,0,8.66
A45,collection,C20,clasification,0,26.999
A45,collection,C21,clasification,0,28.005
A46,collection,C1,clasification,3,562.301
A46,collection,C2,clasification,2,438.032
A46,collection,C3,clasification,2,435.388
A46,collection,C4,clasification,2,433.259
A46,collection,C5,clasification,2,429.963
A46,collection,C6,clasification,2,429.804
A46,collection,C7,clasification,2,430.017
A46,collection,C8,clasification,1,283.758
A46,collection,C9,clasification,1,283.758
A46,collection,C10,clasification,1,283.758
A46,collection,C11,clasification,0,13.767
A46,collection,C12,clasification,0,1.371
A46,collection,C13,clasification,0,4.506
A46,collection,C14,clasification,0,4.545
A46,collection,C15,clasification,0,1.4
A46,collection,C16,clasification,0,20.728
A46,collection,C17,clasification,0,1.626
A46,collection,C18,clasification,0,18.756
A46,collection,C19,clasification,0,4.08
A46,collection,C20,clasification,0,23.952
A46,collection,C21,clasification,0,24.959
A47,collection,C1,clasification,3,559.887
A47,collection,C2,clasification,2,435.617
A47,collection,C3,clasification,2,432.973
A47,collection,C4,clasification,2,430.844
A47,collection,C5,clasification,2,427.548
A47,collection,C6,clasification,2,427.389
A47,collection,C7,clasification,2,427.602
A47,collection,C8,clasification,1,281.343
A47,collection,C9,clasification,1,281.343
A47,collection,C10,clasification,1,281.343
A47,collection,C11,clasification,0,11.353
A47,collection,C12,clasification,0,6.829
A47,collection,C13,clasification,0,2.091
A47,collection,C14,clasification,0,1.363
A47,collection,C15,clasification,0,5.961
A47,collection,C16,clasification,0,19.933
A47,collection,C17,clasification,0,4.409
A47,collection,C18,clasification,0,17.962
A47,collection,C19,clasification,0,4.818
A47,collection,C20,clasification,0,23.157
A47,collection,C21,clasification,0,24.164
A48,collection,C1,clasification,3,559.49
A48,collection,C2,clasification,2,435.221
A48,collection,C3,clasification,2,432.576
A48,collection,C4,clasification,2,430.448
A48,collection,C5,clasification,2,427.151
A48,collection,C6,clasification,2,426.992
A48,collection,C7,clasification,2,427.205
A48,collection,C8,clasification,1,280.946
A48,collection,C9,clasification,1,280.946
A48,collection,C10,clasification,1,280.946
A48,collection,C11,clasification,0,10.956
A48,collection,C12,clasification,0,5.741
A48,collection,C13,clasification,0,1.681
A48,collection,C14,clasification,0,1.855
A48,collection,C15,clasification,0,4.842
A48,collection,C16,clasification,0,18.845
A48,collection,C17,clasification,0,3.321
A48,collection,C18,clasification,0,16.873
A48,collection,C19,clasification,0,3.73
A48,collection,C20,clasification,0,22.069
A48,collection,C21,clasification,0,23.075
A49,collection,C1,clasification,3,560.336
A49,collection,C2,clasification,2,436.067
A49,collection,C3,clasification,2,433.422
A49,collection,C4,clasification,2,431.293
A49,collection,C5,clasification,2,427.997
A49,collection,C6,clasification,2,427.838
A49,collection,C7,clasification,2,428.051
A49,collection,C8,clasification,1,281.792
A49,collection,C9,clasification,1,281.792
A49,collection,C10,clasification,1,281.792
A49,collection,C11,clasification,0,11.802
A49,collection,C12,clasification,0,2.81
A49,collection,C13,clasification,0,2.527
A49,collection,C14,clasification,0,3.641
A49,collection,C15,clasification,0,2.84
A49,collection,C16,clasification,0,20.079
A49,collection,C17,clasification,0,0.977
A49,collection,C18,clasification,0,18.108
A49,collection,C19,clasification,0,3.427
A49,collection,C20,clasification,0,23.303
A49,collection,C21,clasification,0,24.31
A50,collection,C1,clasification,3,560.199
A50,collection,C2,clasification,2,435.93
A50,collection,C3,clasification,2,433.285
A50,collection,C4,clasification,2,431.156
A50,collection,C5,clasification,2,427.86
A50,collection,C6,clasification,2,427.701
A50,collection,C7,clasification,2,427.914
A50,collection,C8,clasification,1,281.655
A50,collection,C9,clasification,1,281.655
A50,collection,C10,clasification,1,281.655
A50,collection,C11,clasification,0,11.665
A50,collection,C12,clasification,0,5.493
A50,collection,C13,clasification,0,2.39
A50,collection,C14,clasification,0,2.563
A50,collection,C15,clasification,0,5.551
A50,collection,C16,clasification,0,21.133
A50,collection,C17,clasification,0,5.609
A50,collection,C18,clasification,0,19.161
A50,collection,C19,clasification,0,3.747
A50,collection,C20,clasification,0,24.357
A50,collection,C21,clasification,0,25.364
A51,collection,C1,clasification,3,559.593
A51,collection,C2,clasification,2,435.324
A51,collection,C3,clasification,2,432.679
A51,collection,C4,clasification,2,430.55
A51,collection,C5,clasification,2,427.254
A51,collection,C6,clasification,2,427.095
A51,collection,C7,clasification,2,427.308
A51,collection,C8,clasification,1,281.049
A51,collection,C9,clasification,1,281.049
A51,collection,C10,clasification,1,281.049
A51,collection,C11,clasification,0,11.059
A51,collection,C12,clasification,0,4.887
A51,collection,C13,clasification,0,1.784
A51,collection,C14,clasification,0,1.943
A51,collection,C15,clasification,0,4.945
A51,collection,C16,clasification,0,19.793
A51,collection,C17,clasification,0,4.269
A51,collection,C18,clasification,0,17.821
A51,collection,C19,clasification,0,3.127
A51,collection,C20,clasification,0,23.016
A51,collection,C21,clasification,0,24.023
A52,collection,C1,clasification,3,561.205
A52,collection,C2,clasification,2,436.936
A52,collection,C3,clasification,2,434.291
A52,collection,C4,clasification,2,432.163
A52,collection,C5,clasification,2,428.867
A52,collection,C6,clasification,2,428.708
A52,collection,C7,clasification,2,428.92
A52,collection,C8,clasification,1,282.661
A52,collection,C9,clasification,1,282.661
A52,collection,C10,clasification,1,282.661
A52,collection,C11,clasification,0,12.671
A52,collection,C12,clasification,0,2.748
A52,collection,C13,clasification,0,3.409
A52,collection,C14,clasification,0,3.803
A52,collection,C15,clasification,0,2.778
A52,collection,C16,clasification,0,19.632
A52,collection,C17,clasification,0,0.529
A52,collection,C18,clasification,0,17.66
A52,collection,C19,clasification,0,2.979
A52,collection,C20,clasification,0,22.855
A52,collection,C21,clasification,0,23.862
A53,collection,C1,clasification,3,560.635
A53,collection,C2,clasification,2,436.366
A53,collection,C3,clasification,2,433.722
A53,collection,C4,clasification,2,431.593
A53,collection,C5,clasification,2,428.297
A53,collection,C6,clasification,2,428.138
A53,collection,C7,clasification,2,428.351
A53,collection,C8,clasification,1,282.092
A53,collection,C9,clasification,1,282.092
A53,collection,C10,clasification,1,282.092
A53,collection,C11,clasification,0,12.101
A53,collection,C12,clasification,0,7.115
A53,collection,C13,clasification,0,2.827
A53,collection,C14,clasification,0,2.977
A53,collection,C15,clasification,0,5.988
A53,collection,C16,clasification,0,20.219
A53,collection,C17,clasification,0,4.695
A53,collection,C18,clasification,0,18.248
A53,collection,C19,clasification,0,3.434
A53,collection,C20,clasification,0,23.443
A53,collection,C21,clasification,0,24.45
A54,collection,C1,clasification,3,561.637
A54,collection,C2,clasification,2,437.367
A54,collection,C3,clasification,2,434.723
A54,collection,C4,clasification,2,432.594
A54,collection,C5,clasification,2,429.298
A54,collection,C6,clasification,2,429.139
A54,collection,C7,clasification,2,429.352
A54,collection,C8,clasification,1,283.093
A54,collection,C9,clasification,1,283.093
A54,collection,C10,clasification,1,283.093
A54,collection,C11,clasification,0,13.103
A54,collection,C12,clasification,0,2.991
A54,collection,C13,clasification,0,3.841
A54,collection,C14,clasification,0,5.806
A54,collection,C15,clasification,0,3.02
A54,collection,C16,clasification,0,17.665
A54,collection,C17,clasification,0,0.961
A54,collection,C18,clasification,0,15.693
A54,collection,C19,clasification,0,3.083
A54,collection,C20,clasification,0,21.05
A54,collection,C21,clasification,0,22.057
A55,collection,C1,clasification,3,560.602
A55,collection,C2,clasification,2,436.332
A55,collection,C3,clasification,2,433.688
A55,collection,C4,clasification,2,431.559
A55,collection,C5,clasification,2,428.263
A55,collection,C6,clasification,2,428.104
A55,collection,C7,clasification,2,428.317
A55,collection,C8,clasification,1,282.058
A55,collection,C9,clasification,1,282.058
A55,collection,C10,clasification,1,282.058
A55,collection,C11,clasification,0,12.068
A55,collection,C12,clasification,0,6.161
A55,collection,C13,clasification,0,2.793
A55,collection,C14,clasification,0,2.943
A55,collection,C15,clasification,0,5.954
A55,collection,C16,clasification,0,19.265
A55,collection,C17,clasification,0,3.741
A55,collection,C18,clasification,0,17.294
A55,collection,C19,clasification,0,2.149
A55,collection,C20,clasification,0,22.489
A55,collection,C21,clasification,0,23.496
A56,collection,C1,clasification,3,560.602
A56,collection,C2,clasification,2,436.332
A56,collection,C3,clasification,2,433.688
A56,collection,C4,clasification,2,431.559
A56,collection,C5,clasification,2,428.263
A56,collection,C6,clasification,2,428.104
A56,collection,C7,clasification,2,428.317
A56,collection,C8,clasification,1,282.058
A56,collection,C9,clasification,1,282.058
A56,collection,C10,clasification,1,282.058
A56,collection,C11,clasification,0,12.068
A56,collection,C12,clasification,0,6.161
A56,collection,C13,clasification,0,2.793
A56,collection,C14,clasification,0,2.943
A56,collection,C15,clasification,0,5.954
A56,collection,C16,clasification,0,19.265
A56,collection,C17,clasification,0,3.741
A56,collection,C18,clasification,0,17.294
A56,collection,C19,clasification,0,2.149
A56,collection,C20,clasification,0,22.489
A56,collection,C21,clasification,0,23.496
A57,collection,C1,clasification,3,561.329
A57,collection,C2,clasification,2,437.06
A57,collection,C3,clasification,2,434.415
A57,collection,C4,clasification,2,432.287
A57,collection,C5,clasification,2,428.991
A57,collection,C6,clasification,2,428.832
A57,collection,C7,clasification,2,429.044
A57,collection,C8,clasification,1,282.785
A57,collection,C9,clasification,1,282.785
A57,collection,C10,clasification,1,282.785
A57,collection,C11,clasification,0,12.795
A57,collection,C12,clasification,0,2.679
A57,collection,C13,clasification,0,3.533
A57,collection,C14,clasification,0,5.499
A57,collection,C15,clasification,0,2.709
A57,collection,C16,clasification,0,19.756
A57,collection,C17,clasification,0,0.259
A57,collection,C18,clasification,0,17.784
A57,collection,C19,clasification,0,3.103
A57,collection,C20,clasification,0,22.979
A57,collection,C21,clasification,0,23.986
A58,collection,C1,clasification,3,573.858
A58,collection,C2,clasification,3,449.589
A58,collection,C3,clasification,2,446.944
A58,collection,C4,clasification,2,444.816
A58,collection,C5,clasification,2,441.52
A58,collection,C6,clasification,2,441.36
A58,collection,C7,clasification,2,441.573
A58,collection,C8,clasification,1,295.314
A58,collection,C9,clasification,1,295.314
A58,collection,C10,clasification,1,295.314
A58,collection,C11,clasification,0,25.324
A58,collection,C12,clasification,0,16.919
A58,collection,C13,clasification,0,16.062
A58,collection,C14,clasification,0,18.028
A58,collection,C15,clasification,0,16.949
A58,collection,C16,clasification,0,5.173
A58,collection,C17,clasification,0,14.499
A58,collection,C18,clasification,0,3.189
A58,collection,C19,clasification,0,13.936
A58,collection,C20,clasification,0,10.045
A58,collection,C21,clasification,0,10.573
A59,collection,C1,clasification,3,573.804
A59,collection,C2,clasification,3,449.535
A59,collection,C3,clasification,2,446.89
A59,collection,C4,clasification,2,444.762
A59,collection,C5,clasification,2,441.466
A59,collection,C6,clasification,2,441.307
A59,collection,C7,clasification,2,441.519
A59,collection,C8,clasification,1,295.26
A59,collection,C9,clasification,1,295.26
A59,collection,C10,clasification,1,295.26
A59,collection,C11,clasification,0,25.27
A59,collection,C12,clasification,0,16.865
A59,collection,C13,clasification,0,16.009
A59,collection,C14,clasification,0,17.974
A59,collection,C15,clasification,0,16.895
A59,collection,C16,clasification,0,5.119
A59,collection,C17,clasification,0,14.445
A59,collection,C18,clasification,0,3.136
A59,collection,C19,clasification,0,13.883
A59,collection,C20,clasification,0,9.992
A59,collection,C21,clasification,0,10.519
A60,collection,C1,clasification,3,573.535
A60,collection,C2,clasification,3,449.266
A60,collection,C3,clasification,2,446.622
A60,collection,C4,clasification,2,444.493
A60,collection,C5,clasification,2,441.197
A60,collection,C6,clasification,2,441.038
A60,collection,C7,clasification,2,441.251
A60,collection,C8,clasification,1,294.991
A60,collection,C9,clasification,1,294.991
A60,collection,C10,clasification,1,294.991
A60,collection,C11,clasification,0,25.001
A60,collection,C12,clasification,0,16.596
A60,collection,C13,clasification,0,15.74
A60,collection,C14,clasification,0,17.705
A60,collection,C15,clasification,0,16.626
A60,collection,C16,clasification,0,4.645
A60,collection,C17,clasification,0,14.176
A60,collection,C18,clasification,0,2.661
A60,collection,C19,clasification,0,13.614
A60,collection,C20,clasification,0,9.517
A60,collection,C21,clasification,0,10.045
A61,collection,C1,clasification,3,573.294
A61,collection,C2,clasification,3,449.025
A61,collection,C3,clasification,2,446.38
A61,collection,C4,clasification,2,444.252
A61,collection,C5,clasification,2,440.956
A61,collection,C6,clasification,2,440.796
A61,collection,C7,clasification,2,441.009
A61,collection,C8,clasification,1,294.75
A61,collection,C9,clasification,1,294.75
A61,collection,C10,clasification,1,294.75
A61,collection,C11,clasification,0,24.76
A61,collection,C12,clasification,0,16.355
A61,collection,C13,clasification,0,15.498
A61,collection,C14,clasification,0,17.464
A61,collection,C15,clasification,0,16.385
A61,collection,C16,clasification,0,5.014
A61,collection,C17,clasification,0,13.935
A61,collection,C18,clasification,0,3.03
A61,collection,C19,clasification,0,13.372
A61,collection,C20,clasification,0,9.887
A61,collection,C21,clasification,0,10.414
A62,collection,C1,clasification,3,572.336
A62,collection,C2,clasification,3,448.067
A62,collection,C3,clasification,2,445.422
A62,collection,C4,clasification,2,443.294
A62,collection,C5,clasification,2,439.998
A62,collection,C6,clasification,2,439.839
A62,collection,C7,clasification,2,440.051
A62,collection,C8,clasification,1,293.792
A62,collection,C9,clasification,1,293.792
A62,collection,C10,clasification,1,293.792
A62,collection,C11,clasification,0,23.802
A62,collection,C12,clasification,0,15.397
A62,collection,C13,clasification,0,14.541
A62,collection,C14,clasification,0,16.506
A62,collection,C15,clasification,0,15.427
A62,collection,C16,clasification,0,5.835
A62,collection,C17,clasification,0,12.977
A62,collection,C18,clasification,0,3.863
A62,collection,C19,clasification,0,12.415
A62,collection,C20,clasification,0,12.534
A62,collection,C21,clasification,0,13.541
A63,collection,C1,clasification,3,563.013
A63,collection,C2,clasification,2,438.744
A63,collection,C3,clasification,2,436.099
A63,collection,C4,clasification,2,433.971
A63,collection,C5,clasification,2,430.674
A63,collection,C6,clasification,2,430.515
A63,collection,C7,clasification,2,430.728
A63,collection,C8,clasification,1,284.469
A63,collection,C9,clasification,1,284.469
A63,collection,C10,clasification,1,284.469
A63,collection,C11,clasification,0,14.479
A63,collection,C12,clasification,0,6.112
A63,collection,C13,clasification,0,5.217
A63,collection,C14,clasification,0,5.575
A63,collection,C15,clasification,0,6.142
A63,collection,C16,clasification,0,17.755
A63,collection,C17,clasification,0,3.692
A63,collection,C18,clasification,0,15.784
A63,collection,C19,clasification,0,1.086
A63,collection,C20,clasification,0,21.14
A63,collection,C21,clasification,0,22.147
A64,collection,C1,clasification,3,563.012
A64,collection,C2,clasification,2,438.743
A64,collection,C3,clasification,2,436.098
A64,collection,C4,clasification,2,433.97
A64,collection,C5,clasification,2,430.674
A64,collection,C6,clasification,2,430.515
A64,collection,C7,clasification,2,430.727
A64,collection,C8,clasification,1,284.468
A64,collection,C9,clasification,1,284.468
A64,collection,C10,clasification,1,284.468
A64,collection,C11,clasification,0,14.478
A64,collection,C12,clasification,0,6.111
A64,collection,C13,clasification,0,5.216
A64,collection,C14,clasification,0,5.574
A64,collection,C15,clasification,0,6.141
A64,collection,C16,clasification,0,17.754
A64,collection,C17,clasification,0,3.692
A64,collection,C18,clasification,0,15.783
A64,collection,C19,clasification,0,1.085
A64,collection,C20,clasification,0,21.139
A64,collection,C21,clasification,0,22.146
A65,collection,C1,clasification,3,563.591
A65,collection,C2,clasification,2,439.322
A65,collection,C3,clasification,2,436.677
A65,collection,C4,clasification,2,434.549
A65,collection,C5,clasification,2,431.253
A65,collection,C6,clasification,2,431.093
A65,collection,C7,clasification,2,431.306
A65,collection,C8,clasification,1,285.047
A65,collection,C9,clasification,1,285.047
A65,collection,C10,clasification,1,285.047
A65,collection,C11,clasification,0,15.057
A65,collection,C12,clasification,0,6.69
A65,collection,C13,clasification,0,5.795
A65,collection,C14,clasification,0,6.153
A65,collection,C15,clasification,0,6.72
A65,collection,C16,clasification,0,15.999
A65,collection,C17,clasification,0,4.27
A65,collection,C18,clasification,0,14.027
A65,collection,C19,clasification,0,2.349
A65,collection,C20,clasification,0,19.384
A65,collection,C21,clasification,0,20.391
A66,collection,C1,clasification,3,572.978
A66,collection,C2,clasification,3,448.709
A66,collection,C3,clasification,3,446.064
A66,collection,C4,clasification,2,443.936
A66,collection,C5,clasification,2,440.64
A66,collection,C6,clasification,2,440.481
A66,collection,C7,clasification,2,440.693
A66,collection,C8,clasification,1,294.434
A66,collection,C9,clasification,1,294.434
A66,collection,C10,clasification,1,294.434
A66,collection,C11,clasification,0,24.444
A66,collection,C12,clasification,0,16.039
A66,collection,C13,clasification,0,15.182
A66,collection,C14,clasification,0,17.148
A66,collection,C15,clasification,0,16.069
A66,collection,C16,clasification,0,4.614
A66,collection,C17,clasification,0,13.619
A66,collection,C18,clasification,0,2.643
A66,collection,C19,clasification,0,13.056
A66,collection,C20,clasification,0,8.972
A66,collection,C21,clasification,0,9.499
A67,collection,C1,clasification,3,572.547
A67,collection,C2,clasification,3,448.278
A67,collection,C3,clasification,2,445.633
A67,collection,C4,clasification,2,443.505
A67,collection,C5,clasification,2,440.209
A67,collection,C6,clasification,2,440.05
A67,collection,C7,clasification,2,440.262
A67,collection,C8,clasification,1,294.003
A67,collection,C9,clasification,1,294.003
A67,collection,C10,clasification,1,294.003
A67,collection,C11,clasification,0,24.013
A67,collection,C12,clasification,0,15.608
A67,collection,C13,clasification,0,14.751
A67,collection,C14,clasification,0,16.717
A67,collection,C15,clasification,0,15.638
A67,collection,C16,clasification,0,5.85
A67,collection,C17,clasification,0,13.188
A67,collection,C18,clasification,0,3.879
A67,collection,C19,clasification,0,12.625
A67,collection,C20,clasification,0,11.743
A67,collection,C21,clasification,0,12.75
A68,collection,C1,clasification,3,563.717
A68,collection,C2,clasification,2,439.448
A68,collection,C3,clasification,2,436.804
A68,collection,C4,clasification,2,434.675
A68,collection,C5,clasification,2,431.379
A68,collection,C6,clasification,2,431.22
A68,collection,C7,clasification,2,431.432
A68,collection,C8,clasification,1,285.173
A68,collection,C9,clasification,1,285.173
A68,collection,C10,clasification,1,285.173
A68,collection,C11,clasification,0,15.183
A68,collection,C12,clasification,0,6.817
A68,collection,C13,clasification,0,5.922
A68,collection,C14,clasification,0,6.279
A68,collection,C15,clasification,0,6.846
A68,collection,C16,clasification,0,16.125
A68,collection,C17,clasification,0,4.397
A68,collection,C18,clasification,0,14.154
A68,collection,C19,clasification,0,2.248
A68,collection,C20,clasification,0,19.51
A68,collection,C21,clasification,0,20.517
A69,collection,C1,clasification,3,563.719
A69,collection,C2,clasification,2,439.45
A69,collection,C3,clasification,2,436.805
A69,collection,C4,clasification,2,434.677
A69,collection,C5,clasification,2,431.381
A69,collection,C6,clasification,2,431.222
A69,collection,C7,clasification,2,431.434
A69,collection,C8,clasification,1,285.175
A69,collection,C9,clasification,1,285.175
A69,collection,C10,clasification,1,285.175
A69,collection,C11,clasification,0,15.185
A69,collection,C12,clasification,0,6.818
A69,collection,C13,clasification,0,5.923
A69,collection,C14,clasification,0,6.281
A69,collection,C15,clasification,0,6.848
A69,collection,C16,clasification,0,16.127
A69,collection,C17,clasification,0,4.398
A69,collection,C18,clasification,0,14.155
A69,collection,C19,clasification,0,1.887
A69,collection,C20,clasification,0,19.512
A69,collection,C21,clasification,0,20.519
A70,collection,C1,clasification,4,584.454
A70,collection,C2,clasification,3,460.185
A70,collection,C3,clasification,3,457.54
A70,collection,C4,clasification,3,455.412
A70,collection,C5,clasification,3,452.116
A70,collection,C6,clasification,3,451.957
A70,collection,C7,clasification,3,452.169
A70,collection,C8,clasification,1,305.91
A70,collection,C9,clasification,1,305.91
A70,collection,C10,clasification,1,305.91
A70,collection,C11,clasification,0,35.92
A70,collection,C12,clasification,0,27.515
A70,collection,C13,clasification,0,26.658
A70,collection,C14,clasification,0,28.624
A70,collection,C15,clasification,0,27.545
A70,collection,C16,clasification,0,18.415
A70,collection,C17,clasification,0,25.095
A70,collection,C18,clasification,0,16.019
A70,collection,C19,clasification,0,24.532
A70,collection,C20,clasification,0,8.926
A70,collection,C21,clasification,0,7.774
A71,collection,C1,clasification,4,580.492
A71,collection,C2,clasification,3,456.223
A71,collection,C3,clasification,3,453.578
A71,collection,C4,clasification,3,451.45
A71,collection,C5,clasification,3,448.154
A71,collection,C6,clasification,3,447.995
A71,collection,C7,clasification,3,448.207
A71,collection,C8,clasification,1,301.948
A71,collection,C9,clasification,1,301.948
A71,collection,C10,clasification,1,301.948
A71,collection,C11,clasification,0,31.958
A71,collection,C12,clasification,0,23.553
A71,collection,C13,clasification,0,22.696
A71,collection,C14,clasification,0,24.662
A71,collection,C15,clasification,0,23.583
A71,collection,C16,clasification,0,14.453
A71,collection,C17,clasification,0,21.133
A71,collection,C18,clasification,0,12.057
A71,collection,C19,clasification,0,20.571
A71,collection,C20,clasification,0,2.982
A71,collection,C21,clasification,0,2.427
A72,collection,C1,clasification,4,580.502
A72,collection,C2,clasification,3,456.233
A72,collection,C3,clasification,3,453.588
A72,collection,C4,clasification,3,451.46
A72,collection,C5,clasification,3,448.164
A72,collection,C6,clasification,3,448.005
A72,collection,C7,clasification,3,448.217
A72,collection,C8,clasification,1,301.958
A72,collection,C9,clasification,1,301.958
A72,collection,C10,clasification,1,301.958
A72,collection,C11,clasification,0,31.968
A72,collection,C12,clasification,0,23.563
A72,collection,C13,clasification,0,22.706
A72,collection,C14,clasification,0,24.672
A72,collection,C15,clasification,0,23.593
A72,collection,C16,clasification,0,14.463
A72,collection,C17,clasification,0,21.143
A72,collection,C18,clasification,0,12.067
A72,collection,C19,clasification,0,20.58
A72,collection,C20,clasification,0,2.992
A72,collection,C21,clasification,0,2.437
A73,collection,C1,clasification,4,585.33
A73,collection,C2,clasification,3,461.06
A73,collection,C3,clasification,3,458.416
A73,collection,C4,clasification,3,456.287
A73,collection,C5,clasification,3,452.991
A73,collection,C6,clasification,3,452.832
A73,collection,C7,clasification,3,453.045
A73,collection,C8,clasification,1,306.786
A73,collection,C9,clasification,1,306.786
A73,collection,C10,clasification,1,306.786
A73,collection,C11,clasification,0,36.796
A73,collection,C12,clasification,0,28.39
A73,collection,C13,clasification,0,27.534
A73,collection,C14,clasification,0,29.499
A73,collection,C15,clasification,0,28.42
A73,collection,C16,clasification,0,19.29
A73,collection,C17,clasification,0,25.971
A73,collection,C18,clasification,0,16.901
A73,collection,C19,clasification,0,25.408
A73,collection,C20,clasification,0,9.323
A73,collection,C21,clasification,0,8.769
A74,collection,C1,clasification,4,585.371
A74,collection,C2,clasification,3,461.102
A74,collection,C3,clasification,3,458.457
A74,collection,C4,clasification,3,456.329
A74,collection,C5,clasification,3,453.032
A74,collection,C6,clasification,3,452.873
A74,collection,C7,clasification,3,453.086
A74,collection,C8,clasification,1,306.827
A74,collection,C9,clasification,1,306.827
A74,collection,C10,clasification,1,306.827
A74,collection,C11,clasification,0,36.837
A74,collection,C12,clasification,0,28.432
A74,collection,C13,clasification,0,27.575
A74,collection,C14,clasification,0,29.54
A74,collection,C15,clasification,0,28.461
A74,collection,C16,clasification,0,19.332
A74,collection,C17,clasification,0,26.012
A74,collection,C18,clasification,0,16.942
A74,collection,C19,clasification,0,25.449
A74,collection,C20,clasification,0,9.364
A74,collection,C21,clasification,0,8.81
A75,collection,C1,clasification,2,397.87
A75,collection,C2,clasification,1,273.601
A75,collection,C3,clasification,1,270.957
A75,collection,C4,clasification,1,268.828
A75,collection,C5,clasification,1,265.532
A75,collection,C6,clasification,1,265.373
A75,collection,C7,clasification,1,265.586
A75,collection,C8,clasification,0,110.164
A75,collection,C9,clasification,0,110.164
A75,collection,C10,clasification,0,110.164
A75,collection,C11,clasification,1,211.916
A75,collection,C12,clasification,1,224.627
A75,collection,C13,clasification,1,219.131
A75,collection,C14,clasification,1,219.601
A75,collection,C15,clasification,1,223.758
A75,collection,C16,clasification,1,237.731
A75,collection,C17,clasification,1,222.207
A75,collection,C18,clasification,1,235.759
A75,collection,C19,clasification,1,222.616
A75,collection,C20,clasification,1,240.955
A75,collection,C21,clasification,1,241.961
A76,collection,C1,clasification,4,594.302
A76,collection,C2,clasification,3,470.033
A76,collection,C3,clasification,3,467.388
A76,collection,C4,clasification,3,465.26
A76,collection,C5,clasification,3,461.964
A76,collection,C6,clasification,3,461.804
A76,collection,C7,clasification,3,462.017
A76,collection,C8,clasification,1,315.758
A76,collection,C9,clasification,1,315.758
A76,collection,C10,clasification,1,315.758
A76,collection,C11,clasification,0,45.768
A76,collection,C12,clasification,0,37.363
A76,collection,C13,clasification,0,36.506
A76,collection,C14,clasification,0,38.472
A76,collection,C15,clasification,0,37.393
A76,collection,C16,clasification,0,28.263
A76,collection,C17,clasification,0,34.943
A76,collection,C18,clasification,0,25.873
A76,collection,C19,clasification,0,34.38
A76,collection,C20,clasification,0,18.295
A76,collection,C21,clasification,0,17.741
A77,collection,C1,clasification,3,597.238
A77,collection,C2,clasification,3,472.969
A77,collection,C3,clasification,2,470.324
A77,collection,C4,clasification,2,468.196
A77,collection,C5,clasification,2,464.9
A77,collection,C6,clasification,2,464.741
A77,collection,C7,clasification,2,464.953
A77,collection,C8,clasification,1,318.694
A77,collection,C9,clasification,1,318.694
A77,collection,C10,clasification,1,318.694
A77,collection,C11,clasification,0,48.704
A77,collection,C12,clasification,0,40.299
A77,collection,C13,clasification,0,39.442
A77,collection,C14,clasification,0,41.408
A77,collection,C15,clasification,0,40.329
A77,collection,C16,clasification,0,36.851
A77,collection,C17,clasification,0,37.879
A77,collection,C18,clasification,0,34.879
A77,collection,C19,clasification,0,37.317
A77,collection,C20,clasification,0,40.47
A77,collection,C21,clasification,0,41.477
A78,collection,C1,clasification,3,604.178
A78,collection,C2,clasification,2,479.909
A78,collection,C3,clasification,2,477.264
A78,collection,C4,clasification,2,475.136
A78,collection,C5,clasification,2,471.84
A78,collection,C6,clasification,2,471.681
A78,collection,C7,clasification,2,471.893
A78,collection,C8,clasification,1,325.634
A78,collection,C9,clasification,1,325.634
A78,collection,C10,clasification,1,325.634
A78,collection,C11,clasification,0,55.644
A78,collection,C12,clasification,0,47.239
A78,collection,C13,clasification,0,46.383
A78,collection,C14,clasification,0,48.348
A78,collection,C15,clasification,0,47.269
A78,collection,C16,clasification,0,43.791
A78,collection,C17,clasification,0,44.819
A78,collection,C18,clasification,0,41.819
A78,collection,C19,clasification,0,44.257
A78,collection,C20,clasification,0,47.41
A78,collection,C21,clasification,0,48.417
C1,clasification,L0,washing,1,154.824
C1,clasification,L1,washing,2,312.437
C1,clasification,L2,washing,3,551.062
C1,clasification,L3,washing,3,563.013
C1,clasification,L4,washing,3,569.509
C1,clasification,L5,washing,3,568.442
C1,clasification,L6,washing,3,569.84
C1,clasification,L7,washing,4,583.544
C2,clasification,L0,washing,0,15.168
C2,clasification,L1,washing,1,188.535
C2,clasification,L2,washing,2,427.159
C2,clasification,L3,washing,2,439.111
C2,clasification,L4,washing,2,445.607
C2,clasification,L5,washing,2,444.54
C2,clasification,L6,washing,2,445.937
C2,clasification,L7,washing,3,459.642
C3,clasification,L0,washing,0,12.967
C3,clasification,L1,washing,1,186.333
C3,clasification,L2,washing,2,424.958
C3,clasification,L3,washing,2,436.909
C3,clasification,L4,washing,2,443.405
C3,clasification,L5,washing,2,442.338
C3,clasification,L6,washing,2,443.736
C3,clasification,L7,washing,3,457.44
C4,clasification,L0,washing,0,11.703
C4,clasification,L1,washing,1,183.163
C4,clasification,L2,washing,2,421.787
C4,clasification,L3,washing,2,433.739
C4,clasification,L4,washing,2,440.235
C4,clasification,L5,washing,2,439.168
C4,clasification,L6,washing,2,440.565
C4,clasification,L7,washing,3,454.27
C5,clasification,L0,washing,0,10.277
C5,clasification,L1,washing,1,180.39
C5,clasification,L2,washing,2,419.015
C5,clasification,L3,washing,2,430.966
C5,clasification,L4,washing,2,437.462
C5,clasification,L5,washing,2,436.395
C5,clasification,L6,washing,2,437.793
C5,clasification,L7,washing,3,451.497
C6,clasification,L0,washing,0,10.355
C6,clasification,L1,washing,1,180.468
C6,clasification,L2,washing,2,419.093
C6,clasification,L3,washing,2,431.044
C6,clasification,L4,washing,2,437.54
C6,clasification,L5,washing,2,436.474
C6,clasification,L6,washing,2,437.871
C6,clasification,L7,washing,3,451.575
C7,clasification,L0,washing,0,1.986
C7,clasification,L1,washing,1,180.12
C7,clasification,L2,washing,2,418.745
C7,clasification,L3,washing,2,430.696
C7,clasification,L4,washing,2,437.192
C7,clasification,L5,washing,2,436.125
C7,clasification,L6,washing,2,437.523
C7,clasification,L7,washing,3,451.227
C8,clasification,L0,washing,1,175.398
C8,clasification,L1,washing,0,6.832
C8,clasification,L2,washing,1,273.654
C8,clasification,L3,washing,1,285.606
C8,clasification,L4,washing,1,292.102
C8,clasification,L5,washing,1,291.035
C8,clasification,L6,washing,1,292.432
C8,clasification,L7,washing,1,306.137
C9,clasification,L0,washing,1,175.398
C9,clasification,L1,washing,0,6.832
C9,clasification,L2,washing,1,273.654
C9,clasification,L3,washing,1,285.606
C9,clasification,L4,washing,1,292.102
C9,clasification,L5,washing,1,291.035
C9,clasification,L6,washing,1,292.432
C9,clasification,L7,washing,1,306.137
C10,clasification,L0,washing,1,175.398
C10,clasification,L1,washing,0,6.832
C10,clasification,L2,washing,1,273.654
C10,clasification,L3,washing,1,285.606
C10,clasification,L4,washing,1,292.102
C10,clasification,L5,washing,1,291.035
C10,clasification,L6,washing,1,292.432
C10,clasification,L7,washing,1,306.137
C11,clasification,L0,washing,2,417.913
C11,clasification,L1,washing,1,265.994
C11,clasification,L2,washing,0,2.661
C11,clasification,L3,washing,0,13.518
C11,clasification,L4,washing,0,20.014
C11,clasification,L5,washing,0,18.947
C11,clasification,L6,washing,0,20.344
C11,clasification,L7,washing,0,34.049
C12,clasification,L0,washing,2,429.402
C12,clasification,L1,washing,1,277.483
C12,clasification,L2,washing,0,14.15
C12,clasification,L3,washing,0,5.571
C12,clasification,L4,washing,0,5.4
C12,clasification,L5,washing,0,9.591
C12,clasification,L6,washing,0,12.402
C12,clasification,L7,washing,0,26.107
C13,clasification,L0,washing,2,425.247
C13,clasification,L1,washing,1,273.328
C13,clasification,L2,washing,0,9.996
C13,clasification,L3,washing,0,5.294
C13,clasification,L4,washing,0,11.79
C13,clasification,L5,washing,0,10.723
C13,clasification,L6,washing,0,12.121
C13,clasification,L7,washing,0,25.825
C14,clasification,L0,washing,2,426.252
C14,clasification,L1,washing,1,274.333
C14,clasification,L2,washing,0,11.001
C14,clasification,L3,washing,0,4.805
C14,clasification,L4,washing,0,11.3
C14,clasification,L5,washing,0,10.234
C14,clasification,L6,washing,0,11.631
C14,clasification,L7,washing,0,25.336
C15,clasification,L0,washing,2,428.87
C15,clasification,L1,washing,1,276.951
C15,clasification,L2,washing,0,13.618
C15,clasification,L3,washing,0,5.039
C15,clasification,L4,washing,0,4.868
C15,clasification,L5,washing,0,9.059
C15,clasification,L6,washing,0,11.87
C15,clasification,L7,washing,0,25.575
C16,clasification,L0,washing,2,443.5
C16,clasification,L1,washing,1,291.581
C16,clasification,L2,washing,0,28.248
C16,clasification,L3,washing,0,19.669
C16,clasification,L4,washing,0,13.589
C16,clasification,L5,washing,0,18.103
C16,clasification,L6,washing,0,11.531
C16,clasification,L7,washing,0,16.771
C17,clasification,L0,washing,2,427.881
C17,clasification,L1,washing,1,275.962
C17,clasification,L2,washing,0,12.629
C17,clasification,L3,washing,0,4.05
C17,clasification,L4,washing,0,3.777
C17,clasification,L5,washing,0,7.968
C17,clasification,L6,washing,0,10.881
C17,clasification,L7,washing,0,24.586
C18,clasification,L0,washing,2,441.661
C18,clasification,L1,washing,1,289.742
C18,clasification,L2,washing,0,26.41
C18,clasification,L3,washing,0,17.83
C18,clasification,L4,washing,0,11.751
C18,clasification,L5,washing,0,16.264
C18,clasification,L6,washing,0,9.692
C18,clasification,L7,washing,0,14.198
C19,clasification,L0,washing,2,429.257
C19,clasification,L1,washing,1,277.338
C19,clasification,L2,washing,0,14.006
C19,clasification,L3,washing,0,3.977
C19,clasification,L4,washing,0,3.61
C19,clasification,L5,washing,0,5.842
C19,clasification,L6,washing,0,7.507
C19,clasification,L7,washing,0,21.782
C20,clasification,L0,washing,2,447.49
C20,clasification,L1,washing,1,295.571
C20,clasification,L2,washing,0,32.239
C20,clasification,L3,washing,0,23.659
C20,clasification,L4,washing,0,17.58
C20,clasification,L5,washing,0,22.094
C20,clasification,L6,washing,0,15.522
C20,clasification,L7,washing,0,4.533
C21,clasification,L0,washing,3,447.377
C21,clasification,L1,washing,1,295.458
C21,clasification,L2,washing,0,32.126
C21,clasification,L3,washing,0,23.546
C21,clasification,L4,washing,0,17.467
C21,clasification,L5,washing,0,21.98
C21,clasification,L6,washing,0,15.408
C21,clasification,L7,washing,0,3.672
L0,washing,P1,producer,0,15.465
L0,washing,P2,producer,2,418.462
L0,washing,P3,producer,2,418.462
L0,washing,P4,producer,2,417.892
L0,washing,P5,producer,2,421.017
L0,washing,P6,producer,2,429.014
L0,washing,P7,producer,2,431.299
L0,washing,P8,producer,2,428.157
L0,washing,P9,producer,2,429.374
L0,washing,P10,producer,2,429.548
L0,washing,P11,producer,2,429.34
L0,washing,P12,producer,2,428.493
L0,washing,P13,producer,2,429.511
L0,washing,P14,producer,2,431.957
L0,washing,P15,producer,2,433.135
L0,washing,P16,producer,2,433.149
L0,washing,P17,producer,2,432.988
L0,washing,P18,producer,2,432.141
L0,washing,P19,producer,2,434.549
L0,washing,P20,producer,2,434.408
L0,washing,P21,producer,2,442.311
L0,washing,P22,producer,2,434.479
L0,washing,P23,producer,2,434.617
L0,washing,P24,producer,2,434.615
L0,washing,P25,producer,2,433.521
L0,washing,P26,producer,2,433.467
L0,washing,P27,producer,2,433.467
L0,washing,P28,producer,2,433.545
L0,washing,P29,producer,2,434.82
L0,washing,P30,producer,2,434.82
L0,washing,P31,producer,2,433.555
L0,washing,P32,producer,2,433.555
L0,washing,P33,producer,2,444.381
L0,washing,P34,producer,2,438.591
L0,washing,P35,producer,2,439.33
L0,washing,P36,producer,2,436.537
L0,washing,P37,producer,2,438.432
L0,washing,P38,producer,2,443.186
L0,washing,P39,producer,2,437.812
L0,washing,P40,producer,2,437.851
L0,washing,P41,producer,2,440.534
L0,washing,P42,producer,2,444.486
L0,washing,P43,producer,3,453.067
L0,washing,P44,producer,3,453.062
L0,washing,P45,producer,3,452.512
L0,washing,P46,producer,3,453.912
L0,washing,P47,producer,3,453.156
L0,washing,P48,producer,3,461.328
L0,washing,P49,producer,3,461.328
L0,washing,P50,producer,3,461.328
L0,washing,P51,producer,3,458.508
L0,washing,P52,producer,2,433.377
L0,washing,P53,producer,3,498.841
L0,washing,P54,producer,2,551.212
L0,washing,P55,producer,0,11.757
L0,washing,P56,producer,0,11.7
L0,washing,P57,producer,0,11.911
L0,washing,P58,producer,0,10.764
L0,washing,P59,producer,0,20.06
L0,washing,P60,producer,0,12.246
L0,washing,P61,producer,0,10.546
L0,washing,P62,producer,0,12.49
L0,washing,P63,producer,0,10.558
L0,washing,P64,producer,0,10.452
L0,washing,P65,producer,0,10.077
L0,washing,P66,producer,0,13.448
L0,washing,P67,producer,0,31.564
L0,washing,P68,producer,0,31.232
L1,washing,P1,producer,1,172.323
L1,washing,P2,producer,1,265.733
L1,washing,P3,producer,1,265.733
L1,washing,P4,producer,1,265.162
L1,washing,P5,producer,1,268.288
L1,washing,P6,producer,1,276.284
L1,washing,P7,producer,1,278.569
L1,washing,P8,producer,1,275.427
L1,washing,P9,producer,1,276.644
L1,washing,P10,producer,1,276.819
L1,washing,P11,producer,1,276.61
L1,washing,P12,producer,1,275.763
L1,washing,P13,producer,1,276.781
L1,washing,P14,producer,1,279.227
L1,washing,P15,producer,1,280.406
L1,washing,P16,producer,1,280.42
L1,washing,P17,producer,1,280.258
L1,washing,P18,producer,1,279.411
L1,washing,P19,producer,1,281.82
L1,washing,P20,producer,1,281.678
L1,washing,P21,producer,1,289.582
L1,washing,P22,producer,1,281.749
L1,washing,P23,producer,1,281.887
L1,washing,P24,producer,1,281.885
L1,washing,P25,producer,1,280.791
L1,washing,P26,producer,1,280.737
L1,washing,P27,producer,1,280.737
L1,washing,P28,producer,1,280.815
L1,washing,P29,producer,1,282.09
L1,washing,P30,producer,1,282.09
L1,washing,P31,producer,1,280.825
L1,washing,P32,producer,1,280.825
L1,washing,P33,producer,1,291.651
L1,washing,P34,producer,1,285.861
L1,washing,P35,producer,1,286.6
L1,washing,P36,producer,1,283.807
L1,washing,P37,producer,1,285.702
L1,washing,P38,producer,1,290.456
L1,washing,P39,producer,1,285.082
L1,washing,P40,producer,1,285.121
L1,washing,P41,producer,1,287.805
L1,washing,P42,producer,1,291.756
L1,washing,P43,producer,1,300.337
L1,washing,P44,producer,1,300.333
L1,washing,P45,producer,1,299.782
L1,washing,P46,producer,1,301.183
L1,washing,P47,producer,1,300.426
L1,washing,P48,producer,1,308.599
L1,washing,P49,producer,1,308.599
L1,washing,P50,producer,1,308.599
L1,washing,P51,producer,1,305.778
L1,washing,P52,producer,1,252.315
L1,washing,P53,producer,1,317.779
L1,washing,P54,producer,2,370.15
L1,washing,P55,producer,1,180.895
L1,washing,P56,producer,1,180.871
L1,washing,P57,producer,1,181.209
L1,washing,P58,producer,1,179.944
L1,washing,P59,producer,1,191.819
L1,washing,P60,producer,1,182.522
L1,washing,P61,producer,1,178.074
L1,washing,P62,producer,1,181.643
L1,washing,P63,producer,1,178.086
L1,washing,P64,producer,1,179.593
L1,washing,P65,producer,1,184.106
L1,washing,P66,producer,1,179.27
L1,washing,P67,producer,1,168.241
L1,washing,P68,producer,1,165.894
L2,washing,P1,producer,2,410.932
L2,washing,P2,producer,0,1.874
L2,washing,P3,producer,0,1.874
L2,washing,P4,producer,0,2.405
L2,washing,P5,producer,0,2.607
L2,washing,P6,producer,0,10.609
L2,washing,P7,producer,0,12.894
L2,washing,P8,producer,0,9.751
L2,washing,P9,producer,0,10.968
L2,washing,P10,producer,0,11.143
L2,washing,P11,producer,0,10.935
L2,washing,P12,producer,0,10.087
L2,washing,P13,producer,0,11.105
L2,washing,P14,producer,0,13.552
L2,washing,P15,producer,0,14.73
L2,washing,P16,producer,0,14.744
L2,washing,P17,producer,0,14.582
L2,washing,P18,producer,0,13.736
L2,washing,P19,producer,0,16.144
L2,washing,P20,producer,0,16.003
L2,washing,P21,producer,0,23.906
L2,washing,P22,producer,0,16.074
L2,washing,P23,producer,0,16.212
L2,washing,P24,producer,0,16.21
L2,washing,P25,producer,0,15.115
L2,washing,P26,producer,0,15.061
L2,washing,P27,producer,0,15.061
L2,washing,P28,producer,0,15.139
L2,washing,P29,producer,0,16.415
L2,washing,P30,producer,0,16.415
L2,washing,P31,producer,0,15.149
L2,washing,P32,producer,0,15.149
L2,washing,P33,producer,0,25.975
L2,washing,P34,producer,0,20.185
L2,washing,P35,producer,0,20.924
L2,washing,P36,producer,0,18.132
L2,washing,P37,producer,0,20.026
L2,washing,P38,producer,0,24.781
L2,washing,P39,producer,0,19.406
L2,washing,P40,producer,0,19.445
L2,washing,P41,producer,0,22.129
L2,washing,P42,producer,0,26.08
L2,washing,P43,producer,0,34.662
L2,washing,P44,producer,0,34.657
L2,washing,P45,producer,0,34.107
L2,washing,P46,producer,0,35.507
L2,washing,P47,producer,0,34.751
L2,washing,P48,producer,0,42.923
L2,washing,P49,producer,0,42.923
L2,washing,P50,producer,0,42.923
L2,washing,P51,producer,0,40.102
L2,washing,P52,producer,1,325.588
L2,washing,P53,producer,2,472.166
L2,washing,P54,producer,2,561.191
L2,washing,P55,producer,2,419.504
L2,washing,P56,producer,2,419.479
L2,washing,P57,producer,2,419.818
L2,washing,P58,producer,2,418.553
L2,washing,P59,producer,2,430.428
L2,washing,P60,producer,2,421.13
L2,washing,P61,producer,2,416.683
L2,washing,P62,producer,2,420.251
L2,washing,P63,producer,2,416.694
L2,washing,P64,producer,2,418.202
L2,washing,P65,producer,2,422.715
L2,washing,P66,producer,2,417.879
L2,washing,P67,producer,2,406.85
L2,washing,P68,producer,2,404.503
L3,washing,P1,producer,2,422.38
L3,washing,P2,producer,0,13.323
L3,washing,P3,producer,0,13.323
L3,washing,P4,producer,0,13.853
L3,washing,P5,producer,0,14.056
L3,washing,P6,producer,0,3.987
L3,washing,P7,producer,0,4.697
L3,washing,P8,producer,0,2.307
L3,washing,P9,producer,0,2.337
L3,washing,P10,producer,0,2.022
L3,washing,P11,producer,0,2.304
L3,washing,P12,producer,0,2.248
L3,washing,P13,producer,0,1.876
L3,washing,P14,producer,0,4.866
L3,washing,P15,producer,0,4.833
L3,washing,P16,producer,0,4.847
L3,washing,P17,producer,0,4.686
L3,washing,P18,producer,0,3.839
L3,washing,P19,producer,0,6.294
L3,washing,P20,producer,0,6.848
L3,washing,P21,producer,0,15.215
L3,washing,P22,producer,0,6.224
L3,washing,P23,producer,0,7.057
L3,washing,P24,producer,0,7.055
L3,washing,P25,producer,0,5.252
L3,washing,P26,producer,0,5.198
L3,washing,P27,producer,0,5.198
L3,washing,P28,producer,0,5.255
L3,washing,P29,producer,0,5.599
L3,washing,P30,producer,0,5.599
L3,washing,P31,producer,0,5.286
L3,washing,P32,producer,0,5.286
L3,washing,P33,producer,0,17.778
L3,washing,P34,producer,0,11.495
L3,washing,P35,producer,0,12.234
L3,washing,P36,producer,0,9.441
L3,washing,P37,producer,0,11.336
L3,washing,P38,producer,0,16.584
L3,washing,P39,producer,0,10.716
L3,washing,P40,producer,0,10.755
L3,washing,P41,producer,0,13.438
L3,washing,P42,producer,0,17.883
L3,washing,P43,producer,0,26.465
L3,washing,P44,producer,0,26.46
L3,washing,P45,producer,0,25.909
L3,washing,P46,producer,0,27.31
L3,washing,P47,producer,0,26.553
L3,washing,P48,producer,0,34.726
L3,washing,P49,producer,0,34.726
L3,washing,P50,producer,0,34.726
L3,washing,P51,producer,0,31.905
L3,washing,P52,producer,1,316.898
L3,washing,P53,producer,2,463.476
L3,washing,P54,producer,2,552.501
L3,washing,P55,producer,2,430.952
L3,washing,P56,producer,2,430.928
L3,washing,P57,producer,2,431.267
L3,washing,P58,producer,2,430.002
L3,washing,P59,producer,2,441.877
L3,washing,P60,producer,2,432.579
L3,washing,P61,producer,2,428.131
L3,washing,P62,producer,2,431.7
L3,washing,P63,producer,2,428.143
L3,washing,P64,producer,2,429.651
L3,washing,P65,producer,2,434.163
L3,washing,P66,producer,2,429.328
L3,washing,P67,producer,2,418.299
L3,washing,P68,producer,2,415.952
L4,washing,P1,producer,2,424.084
L4,washing,P2,producer,0,15.027
L4,washing,P3,producer,0,15.027
L4,washing,P4,producer,0,15.557
L4,washing,P5,producer,0,15.76
L4,washing,P6,producer,0,5.858
L4,washing,P7,producer,0,4.855
L4,washing,P8,producer,0,7.461
L4,washing,P9,producer,0,6.105
L4,washing,P10,producer,0,6.051
L4,washing,P11,producer,0,6.071
L4,washing,P12,producer,0,7.797
L4,washing,P13,producer,0,6.242
L4,washing,P14,producer,0,3.75
L4,washing,P15,producer,0,3.776
L4,washing,P16,producer,0,3.79
L4,washing,P17,producer,0,3.628
L4,washing,P18,producer,0,3.204
L4,washing,P19,producer,0,0.953
L4,washing,P20,producer,0,0.603
L4,washing,P21,producer,0,12.309
L4,washing,P22,producer,0,0.882
L4,washing,P23,producer,0,0.466
L4,washing,P24,producer,0,0.556
L4,washing,P25,producer,0,3.355
L4,washing,P26,producer,0,3.301
L4,washing,P27,producer,0,3.301
L4,washing,P28,producer,0,3.379
L4,washing,P29,producer,0,3.631
L4,washing,P30,producer,0,3.631
L4,washing,P31,producer,0,3.389
L4,washing,P32,producer,0,3.389
L4,washing,P33,producer,0,14.396
L4,washing,P34,producer,0,8.588
L4,washing,P35,producer,0,9.327
L4,washing,P36,producer,0,4.821
L4,washing,P37,producer,0,8.429
L4,washing,P38,producer,0,13.201
L4,washing,P39,producer,0,5.582
L4,washing,P40,producer,0,5.62
L4,washing,P41,producer,0,10.532
L4,washing,P42,producer,0,10.598
L4,washing,P43,producer,0,23.082
L4,washing,P44,producer,0,23.078
L4,washing,P45,producer,0,22.527
L4,washing,P46,producer,0,23.927
L4,washing,P47,producer,0,23.171
L4,washing,P48,producer,0,31.343
L4,washing,P49,producer,0,31.343
L4,washing,P50,producer,0,31.343
L4,washing,P51,producer,0,28.523
L4,washing,P52,producer,1,312.277
L4,washing,P53,producer,2,458.855
L4,washing,P54,producer,2,547.881
L4,washing,P55,producer,2,432.656
L4,washing,P56,producer,2,432.632
L4,washing,P57,producer,2,432.97
L4,washing,P58,producer,2,431.706
L4,washing,P59,producer,2,443.581
L4,washing,P60,producer,2,434.283
L4,washing,P61,producer,2,429.835
L4,washing,P62,producer,2,433.404
L4,washing,P63,producer,2,429.847
L4,washing,P64,producer,2,431.355
L4,washing,P65,producer,2,435.867
L4,washing,P66,producer,2,431.032
L4,washing,P67,producer,2,420.003
L4,washing,P68,producer,2,417.656
L5,washing,P1,producer,2,427.549
L5,washing,P2,producer,0,18.492
L5,washing,P3,producer,0,18.492
L5,washing,P4,producer,0,19.022
L5,washing,P5,producer,0,19.225
L5,washing,P6,producer,0,9.322
L5,washing,P7,producer,0,8.32
L5,washing,P8,producer,0,10.926
L5,washing,P9,producer,0,8.302
L5,washing,P10,producer,0,8.248
L5,washing,P11,producer,0,8.268
L5,washing,P12,producer,0,9.201
L5,washing,P13,producer,0,8.439
L5,washing,P14,producer,0,6.853
L5,washing,P15,producer,0,7.233
L5,washing,P16,producer,0,7.247
L5,washing,P17,producer,0,7.086
L5,washing,P18,producer,0,6.82
L5,washing,P19,producer,0,6.167
L5,washing,P20,producer,0,6.025
L5,washing,P21,producer,0,13.402
L5,washing,P22,producer,0,6.096
L5,washing,P23,producer,0,6.234
L5,washing,P24,producer,0,6.232
L5,washing,P25,producer,0,3.636
L5,washing,P26,producer,0,3.582
L5,washing,P27,producer,0,3.582
L5,washing,P28,producer,0,3.496
L5,washing,P29,producer,0,4.042
L5,washing,P30,producer,0,4.042
L5,washing,P31,producer,0,2.965
L5,washing,P32,producer,0,2.965
L5,washing,P33,producer,0,15.489
L5,washing,P34,producer,0,9.682
L5,washing,P35,producer,0,10.421
L5,washing,P36,producer,0,5.114
L5,washing,P37,producer,0,9.523
L5,washing,P38,producer,0,14.294
L5,washing,P39,producer,0,7.792
L5,washing,P40,producer,0,7.859
L5,washing,P41,producer,0,11.625
L5,washing,P42,producer,0,15.594
L5,washing,P43,producer,0,24.175
L5,washing,P44,producer,0,24.171
L5,washing,P45,producer,0,23.62
L5,washing,P46,producer,0,25.021
L5,washing,P47,producer,0,24.264
L5,washing,P48,producer,0,32.436
L5,washing,P49,producer,0,32.436
L5,washing,P50,producer,0,32.436
L5,washing,P51,producer,0,29.616
L5,washing,P52,producer,1,312.055
L5,washing,P53,producer,2,458.633
L5,washing,P54,producer,2,547.658
L5,washing,P55,producer,2,436.121
L5,washing,P56,producer,2,436.097
L5,washing,P57,producer,2,436.435
L5,washing,P58,producer,2,435.171
L5,washing,P59,producer,2,447.046
L5,washing,P60,producer,2,437.748
L5,washing,P61,producer,2,433.3
L5,washing,P62,producer,2,436.869
L5,washing,P63,producer,2,433.312
L5,washing,P64,producer,2,434.82
L5,washing,P65,producer,2,439.332
L5,washing,P66,producer,2,434.497
L5,washing,P67,producer,2,423.468
L5,washing,P68,producer,2,421.121
L6,washing,P1,producer,2,429.913
L6,washing,P2,producer,0,20.856
L6,washing,P3,producer,0,20.856
L6,washing,P4,producer,0,21.386
L6,washing,P5,producer,0,21.589
L6,washing,P6,producer,0,11.686
L6,washing,P7,producer,0,10.684
L6,washing,P8,producer,0,13.29
L6,washing,P9,producer,0,11.934
L6,washing,P10,producer,0,11.879
L6,washing,P11,producer,0,11.9
L6,washing,P12,producer,0,13.626
L6,washing,P13,producer,0,12.071
L6,washing,P14,producer,0,9.58
L6,washing,P15,producer,0,9.605
L6,washing,P16,producer,0,9.619
L6,washing,P17,producer,0,9.457
L6,washing,P18,producer,0,9.033
L6,washing,P19,producer,0,7.327
L6,washing,P20,producer,0,7.185
L6,washing,P21,producer,0,7.369
L6,washing,P22,producer,0,7.257
L6,washing,P23,producer,0,6.723
L6,washing,P24,producer,0,6.812
L6,washing,P25,producer,0,6.987
L6,washing,P26,producer,0,6.933
L6,washing,P27,producer,0,6.933
L6,washing,P28,producer,0,6.841
L6,washing,P29,producer,0,6.239
L6,washing,P30,producer,0,6.239
L6,washing,P31,producer,0,7.28
L6,washing,P32,producer,0,7.28
L6,washing,P33,producer,0,9.46
L6,washing,P34,producer,0,3.343
L6,washing,P35,producer,0,3.826
L6,washing,P36,producer,0,3.568
L6,washing,P37,producer,0,3.186
L6,washing,P38,producer,0,8.265
L6,washing,P39,producer,0,1.25
L6,washing,P40,producer,0,1.315
L6,washing,P41,producer,0,4.413
L6,washing,P42,producer,0,6.779
L6,washing,P43,producer,0,18.146
L6,washing,P44,producer,0,18.142
L6,washing,P45,producer,0,17.591
L6,washing,P46,producer,0,18.992
L6,washing,P47,producer,0,18.235
L6,washing,P48,producer,0,26.407
L6,washing,P49,producer,0,26.407
L6,washing,P50,producer,0,26.407
L6,washing,P51,producer,0,23.587
L6,washing,P52,producer,1,306.178
L6,washing,P53,producer,2,452.756
L6,washing,P54,producer,2,541.781
L6,washing,P55,producer,2,438.485
L6,washing,P56,producer,2,438.461
L6,washing,P57,producer,2,438.799
L6,washing,P58,producer,2,437.535
L6,washing,P59,producer,3,449.41
L6,washing,P60,producer,2,440.112
L6,washing,P61,producer,2,435.664
L6,washing,P62,producer,2,439.233
L6,washing,P63,producer,2,435.676
L6,washing,P64,producer,2,437.184
L6,washing,P65,producer,2,441.696
L6,washing,P66,producer,2,436.861
L6,washing,P67,producer,2,425.832
L6,washing,P68,producer,2,423.485
L7,washing,P1,producer,2,440.489
L7,washing,P2,producer,0,31.432
L7,washing,P3,producer,0,31.432
L7,washing,P4,producer,0,31.962
L7,washing,P5,producer,0,32.165
L7,washing,P6,producer,0,22.262
L7,washing,P7,producer,0,21.26
L7,washing,P8,producer,0,23.866
L7,washing,P9,producer,0,22.509
L7,washing,P10,producer,0,22.455
L7,washing,P11,producer,0,22.476
L7,washing,P12,producer,0,24.202
L7,washing,P13,producer,0,22.647
L7,washing,P14,producer,0,20.156
L7,washing,P15,producer,0,20.181
L7,washing,P16,producer,0,20.195
L7,washing,P17,producer,0,20.033
L7,washing,P18,producer,0,19.609
L7,washing,P19,producer,0,19.344
L7,washing,P20,producer,0,19.202
L7,washing,P21,producer,0,11.957
L7,washing,P22,producer,0,19.273
L7,washing,P23,producer,0,17.651
L7,washing,P24,producer,0,17.741
L7,washing,P25,producer,0,19.182
L7,washing,P26,producer,0,19.128
L7,washing,P27,producer,0,19.128
L7,washing,P28,producer,0,19.036
L7,washing,P29,producer,0,18.075
L7,washing,P30,producer,0,18.075
L7,washing,P31,producer,0,19.795
L7,washing,P32,producer,0,19.795
L7,washing,P33,producer,0,7.018
L7,washing,P34,producer,0,13.125
L7,washing,P35,producer,0,11.749
L7,washing,P36,producer,0,17.113
L7,washing,P37,producer,0,13.287
L7,washing,P38,producer,0,7.816
L7,washing,P39,producer,0,14.264
L7,washing,P40,producer,0,14.303
L7,washing,P41,producer,0,11.387
L7,washing,P42,producer,0,9.896
L7,washing,P43,producer,0,4.123
L7,washing,P44,producer,0,4.118
L7,washing,P45,producer,0,5.255
L7,washing,P46,producer,0,5.31
L7,washing,P47,producer,0,4.554
L7,washing,P48,producer,0,14.939
L7,washing,P49,producer,0,14.939
L7,washing,P50,producer,0,14.939
L7,washing,P51,producer,0,12.119
L7,washing,P52,producer,1,303.461
L7,washing,P53,producer,2,450.039
L7,washing,P54,producer,2,539.064
L7,washing,P55,producer,3,449.061
L7,washing,P56,producer,3,449.037
L7,washing,P57,producer,3,449.375
L7,washing,P58,producer,3,448.111
L7,washing,P59,producer,3,459.986
L7,washing,P60,producer,3,450.688
L7,washing,P61,producer,3,446.24
L7,washing,P62,producer,3,449.809
L7,washing,P63,producer,3,446.252
L7,washing,P64,producer,3,447.76
L7,washing,P65,producer,3,452.272
L7,washing,P66,producer,3,447.437
L7,washing,P67,producer,2,436.408
L7,washing,P68,producer,2,434.06
